Age,Number of sexual partners,First sexual intercourse,Num of pregnancies,Smokes (years),Smokes (packs/year),Hormonal Contraceptives (years),IUD (years),STDs (number),STDs: Number of diagnosis,Smokes,Hormonal Contraceptives,IUD,STDs,STDs:condylomatosis,STDs:cervical condylomatosis,STDs:vaginal condylomatosis,STDs:vulvo-perineal condylomatosis,STDs:syphilis,STDs:pelvic inflammatory disease,STDs:genital herpes,STDs:molluscum contagiosum,STDs:AIDS,STDs:HIV,STDs:Hepatitis B,STDs:HPV,Dx:Cancer,Dx:CIN,Dx:HPV,Dx,Hinselmann,Schiller,Citology
0.47240986076925745,0.2866427054534163,-0.710919676520128,1.8946356293263955,-0.29867945114072364,-0.2014848393963144,-0.4316361852887272,-0.24471682924379487,-0.2918737241546465,-0.2891843331112601,0.0,1.0,0.0,0.0,0.0,0.0,0.0,0.0,0.0,0.0,0.0,0.0,0.0,0.0,0.0,0.0,0.0,0.0,0.0,0.0,0.0,0.0,0.0
-0.9154837772937426,-0.3038584835587267,-0.013221682109816231,-0.2005605690367006,-0.29867945114072364,-0.2014848393963144,-0.4316361852887272,-0.24471682924379487,-0.2918737241546465,-0.2891843331112601,0.0,1.0,0.0,0.0,0.0,0.0,0.0,0.0,0.0,0.0,0.0,0.0,0.0,0.0,0.0,0.0,0.0,0.0,0.0,0.0,0.0,0.0,0.0
-0.10587915509032593,-0.3038584835587267,-0.710919676520128,-0.2005605690367006,-0.29867945114072364,-0.2014848393963144,-0.2817780139544555,4.273689653580772,-0.2918737241546465,-0.2891843331112601,0.0,1.0,1.0,0.0,0.0,0.0,0.0,0.0,0.0,0.0,0.0,0.0,0.0,0.0,0.0,0.0,0.0,0.0,0.0,0.0,0.0,0.0,0.0
1.9759613020041742,0.2866427054534163,-0.710919676520128,-0.2005605690367006,0.00034844169890144334,0.9599566310102239,-0.581494356622999,-0.24471682924379487,-0.2918737241546465,-0.2891843331112601,1.0,0.0,0.0,0.0,0.0,0.0,0.0,0.0,0.0,0.0,0.0,0.0,0.0,0.0,0.0,0.0,0.0,0.0,0.0,0.0,0.0,0.0,0.0
-0.4528525646060759,-0.3038584835587267,0.33562731509533966,0.4978381637509981,-0.29867945114072364,-0.2014848393963144,-0.581494356622999,-0.24471682924379487,-0.2918737241546465,-0.2891843331112601,0.0,0.0,0.0,0.0,0.0,0.0,0.0,0.0,0.0,0.0,0.0,0.0,0.0,0.0,0.0,0.0,0.0,0.0,0.0,0.0,0.0,0.0,0.0
-0.4528525646060759,-0.3038584835587267,0.6844763123004955,-0.2005605690367006,-0.29867945114072364,-0.2014848393963144,-0.4316361852887272,-0.24471682924379487,-0.2918737241546465,-0.2891843331112601,0.0,1.0,0.0,0.0,0.0,0.0,0.0,0.0,0.0,0.0,0.0,0.0,0.0,0.0,0.0,0.0,0.0,0.0,0.0,0.0,0.0,0.0,0.0
0.9350410734569241,-0.3038584835587267,1.0333253095056514,-0.2005605690367006,-0.29867945114072364,-0.2014848393963144,0.01793832871408793,-0.24471682924379487,-0.2918737241546465,-0.2891843331112601,0.0,1.0,0.0,0.0,0.0,0.0,0.0,0.0,0.0,0.0,0.0,0.0,0.0,0.0,0.0,0.0,0.0,0.0,0.0,0.0,0.0,0.0,0.0
0.5880676639411742,-0.3038584835587267,-0.013221682109816231,-0.2005605690367006,1.825478860721512,0.17183563323435863,2.4156690700624353,-0.24471682924379487,-0.2918737241546465,-0.2891843331112601,1.0,1.0,0.0,0.0,0.0,0.0,0.0,0.0,0.0,0.0,0.0,0.0,0.0,0.0,0.0,0.0,0.0,0.0,0.0,0.0,0.0,0.0,1.0
-0.6841681709499093,-0.8943596725708697,-1.0597686737252838,-0.8989593018243993,-0.29867945114072364,-0.2014848393963144,0.9170873567197182,-0.24471682924379487,-0.2918737241546465,-0.2891843331112601,0.0,1.0,0.0,0.0,0.0,0.0,0.0,0.0,0.0,0.0,0.0,0.0,0.0,0.0,0.0,0.0,0.0,0.0,0.0,0.0,0.0,0.0,1.0
1.5133300893165076,-0.3038584835587267,3.4752682899417424,-0.2005605690367006,-0.29867945114072364,-0.2014848393963144,-0.581494356622999,0.32008398110927605,-0.2918737241546465,-0.2891843331112601,0.0,0.0,1.0,0.0,0.0,0.0,0.0,0.0,0.0,0.0,0.0,0.0,0.0,0.0,0.0,0.0,0.0,0.0,0.0,0.0,0.0,0.0,0.0
1.5133300893165076,-0.3038584835587267,-0.013221682109816231,0.4978381637509981,-0.29867945114072364,-0.2014848393963144,5.113116154079327,-0.24471682924379487,-0.2918737241546465,-0.2891843331112601,0.0,1.0,0.0,0.0,0.0,0.0,0.0,0.0,0.0,0.0,0.0,0.0,0.0,0.0,0.0,0.0,0.0,0.0,0.0,0.0,0.0,1.0,0.0
-1.2624571868094927,-0.8943596725708697,-0.710919676520128,-0.8989593018243993,-0.29867945114072364,-0.2014848393963144,-0.5065652709558631,-0.24471682924379487,-0.2918737241546465,-0.2891843331112601,0.0,1.0,0.0,0.0,0.0,0.0,0.0,0.0,0.0,0.0,0.0,0.0,0.0,0.0,0.0,0.0,0.0,0.0,0.0,0.0,0.0,1.0,1.0
-1.146799383637576,-0.3038584835587267,-0.710919676520128,-0.2005605690367006,-0.29867945114072364,-0.2014848393963144,-0.581494356622999,-0.24471682924379487,7.483868985363315,9.629838292604962,0.0,0.0,0.0,1.0,1.0,0.0,0.0,1.0,1.0,0.0,0.0,0.0,0.0,1.0,0.0,0.0,0.0,0.0,0.0,0.0,1.0,1.0,0.0
0.1254364512535074,3.239148650514131,0.33562731509533966,0.4978381637509981,-0.29867945114072364,-0.2014848393963144,-0.2817780139544555,-0.24471682924379487,-0.2918737241546465,-0.2891843331112601,0.0,1.0,0.0,0.0,0.0,0.0,0.0,0.0,0.0,0.0,0.0,0.0,0.0,0.0,0.0,0.0,0.0,0.0,0.0,0.0,0.0,0.0,0.0
-1.493772793153326,-0.8943596725708697,-1.0597686737252838,-0.2005605690367006,-0.29867945114072364,-0.2014848393963144,-0.581494356622999,-0.24471682924379487,-0.2918737241546465,-0.2891843331112601,0.0,0.0,0.0,0.0,0.0,0.0,0.0,0.0,0.0,0.0,0.0,0.0,0.0,0.0,0.0,0.0,0.0,0.0,0.0,0.0,0.0,0.0,0.0
-0.6841681709499093,-0.8943596725708697,-0.3620706793149721,0.4978381637509981,-0.29867945114072364,-0.2014848393963144,0.9170873567197182,-0.24471682924379487,-0.2918737241546465,-0.2891843331112601,0.0,1.0,0.0,0.0,0.0,0.0,0.0,0.0,0.0,0.0,0.0,0.0,0.0,0.0,0.0,0.0,0.0,0.0,0.0,0.0,0.0,0.0,0.0
0.35675205759734074,-0.8943596725708697,-0.710919676520128,0.4978381637509981,-0.29867945114072364,-0.2014848393963144,-0.4316361852887272,-0.24471682924379487,-0.2918737241546465,-0.2891843331112601,0.0,1.0,0.0,0.0,0.0,0.0,0.0,0.0,0.0,0.0,0.0,0.0,0.0,0.0,0.0,0.0,0.0,0.0,0.0,0.0,0.0,0.0,0.0
0.2410942544254241,0.2866427054534163,-0.013221682109816231,0.4978381637509981,2.061496450928427,0.6281162108940701,1.2168036993882616,-0.24471682924379487,-0.2918737241546465,-0.2891843331112601,1.0,1.0,0.0,0.0,0.0,0.0,0.0,0.0,0.0,0.0,0.0,0.0,0.0,0.0,0.0,0.0,0.0,0.0,0.0,0.0,1.0,1.0,0.0
-1.3781149899814094,0.2866427054534163,-1.0597686737252838,-0.8989593018243993,-0.29867945114072364,-0.2014848393963144,-0.2817780139544555,-0.24471682924379487,-0.2918737241546465,-0.2891843331112601,0.0,1.0,0.0,0.0,0.0,0.0,0.0,0.0,0.0,0.0,0.0,0.0,0.0,0.0,0.0,0.0,0.0,0.0,0.0,0.0,0.0,0.0,0.0
1.9759613020041742,0.2866427054534163,3.126419292736587,1.196236896538697,-0.29867945114072364,-0.2014848393963144,0.01793832871408793,-0.24471682924379487,-0.2918737241546465,-0.2891843331112601,0.0,1.0,0.0,0.0,0.0,0.0,0.0,0.0,0.0,0.0,0.0,0.0,0.0,0.0,0.0,0.0,0.0,0.0,0.0,0.0,0.0,0.0,0.0
1.6289878924884242,0.2866427054534163,0.33562731509533966,1.196236896538697,-0.29867945114072364,-0.2014848393963144,-0.2817780139544555,-0.24471682924379487,-0.2918737241546465,-0.2891843331112601,0.0,1.0,0.0,0.0,0.0,0.0,0.0,0.0,0.0,0.0,0.0,0.0,0.0,0.0,0.0,0.0,0.0,0.0,0.0,0.0,0.0,0.0,0.0
-0.9154837772937426,0.8771438944655593,-1.0597686737252838,-0.8989593018243993,-0.29867945114072364,-0.2014848393963144,-0.4316361852887272,-0.24471682924379487,-0.2918737241546465,-0.2891843331112601,0.0,1.0,0.0,0.0,0.0,0.0,0.0,0.0,0.0,0.0,0.0,0.0,0.0,0.0,0.0,0.0,0.0,0.0,0.0,0.0,0.0,0.0,0.0
-0.6841681709499093,-0.8943596725708697,-0.013221682109816231,-0.2005605690367006,-0.29867945114072364,-0.2014848393963144,0.31765467138263137,-0.24471682924379487,-0.2918737241546465,-0.2891843331112601,0.0,1.0,0.0,0.0,0.0,0.0,0.0,0.0,0.0,0.0,0.0,0.0,0.0,0.0,0.0,0.0,0.0,1.0,0.0,1.0,0.0,0.0,0.0
-0.10587915509032593,-0.8943596725708697,0.33562731509533966,-0.2005605690367006,-0.29867945114072364,-0.2014848393963144,-0.5065652709558631,0.8848847914623469,-0.2918737241546465,-0.2891843331112601,0.0,1.0,1.0,0.0,0.0,0.0,0.0,0.0,0.0,0.0,0.0,0.0,0.0,0.0,0.0,0.0,0.0,0.0,0.0,0.0,0.0,0.0,0.0
-0.5685103677779926,0.2866427054534163,-1.4086176709304397,-0.8989593018243993,-0.29867945114072364,-0.2014848393963144,-0.5065652709558631,-0.24471682924379487,-0.2918737241546465,-0.2891843331112601,0.0,1.0,0.0,0.0,0.0,0.0,0.0,0.0,0.0,0.0,0.0,0.0,0.0,0.0,0.0,0.0,0.0,0.0,0.0,0.0,0.0,0.0,0.0
0.2410942544254241,0.8771438944655593,-0.3620706793149721,-0.8989593018243993,1.825478860721512,3.5317198869104156,-0.581494356622999,-0.24471682924379487,-0.2918737241546465,-0.2891843331112601,1.0,0.0,0.0,0.0,0.0,0.0,0.0,0.0,0.0,0.0,0.0,0.0,0.0,0.0,0.0,0.0,0.0,0.0,0.0,0.0,0.0,0.0,0.0
1.5133300893165076,-0.8943596725708697,0.33562731509533966,-0.8989593018243993,-0.29867945114072364,-0.2014848393963144,-0.5065652709558631,-0.24471682924379487,3.5959976306043346,3.0171565421274806,0.0,1.0,0.0,1.0,1.0,0.0,0.0,1.0,0.0,0.0,0.0,0.0,0.0,0.0,0.0,0.0,0.0,0.0,0.0,0.0,0.0,1.0,1.0
1.282014482972674,0.2866427054534163,0.33562731509533966,1.196236896538697,-0.29867945114072364,-0.2014848393963144,2.4156690700624353,0.8848847914623469,-0.2918737241546465,-0.2891843331112601,0.0,1.0,1.0,0.0,0.0,0.0,0.0,0.0,0.0,0.0,0.0,0.0,0.0,0.0,0.0,0.0,0.0,0.0,0.0,0.0,0.0,1.0,1.0
-0.799825974121826,-0.8943596725708697,-0.3620706793149721,-0.8989593018243993,-0.29867945114072364,-0.2014848393963144,0.6173710140511748,-0.24471682924379487,-0.2918737241546465,-0.2891843331112601,0.0,1.0,0.0,0.0,0.0,0.0,0.0,0.0,0.0,0.0,0.0,0.0,0.0,0.0,0.0,0.0,0.0,0.0,0.0,0.0,0.0,0.0,0.0
1.397672286144591,-0.3038584835587267,0.33562731509533966,-0.2005605690367006,-0.29867945114072364,-0.2014848393963144,0.31765467138263137,-0.24471682924379487,-0.2918737241546465,-0.2891843331112601,0.0,1.0,0.0,0.0,0.0,0.0,0.0,0.0,0.0,0.0,0.0,0.0,0.0,0.0,0.0,0.0,0.0,0.0,0.0,0.0,0.0,0.0,0.0
-0.3371947614341593,0.2866427054534163,-0.013221682109816231,0.4978381637509981,-0.29867945114072364,-0.2014848393963144,-0.2817780139544555,-0.24471682924379487,-0.2918737241546465,-0.2891843331112601,0.0,1.0,0.0,0.0,0.0,0.0,0.0,0.0,0.0,0.0,0.0,0.0,0.0,0.0,0.0,0.0,0.0,0.0,0.0,0.0,0.0,0.0,0.0
0.2410942544254241,0.2866427054534163,-0.013221682109816231,0.4978381637509981,-0.29867945114072364,-0.2014848393963144,2.4156690700624353,-0.24471682924379487,-0.2918737241546465,-0.2891843331112601,0.0,1.0,0.0,0.0,0.0,0.0,0.0,0.0,0.0,0.0,0.0,0.0,0.0,0.0,0.0,0.0,0.0,0.0,0.0,0.0,0.0,0.0,0.0
-0.5685103677779926,-0.8943596725708697,1.0333253095056514,-0.8989593018243993,-0.29867945114072364,-0.2014848393963144,-0.2817780139544555,-0.24471682924379487,-0.2918737241546465,-0.2891843331112601,0.0,1.0,0.0,0.0,0.0,0.0,0.0,0.0,0.0,0.0,0.0,0.0,0.0,0.0,0.0,0.0,0.0,0.0,0.0,0.0,0.0,0.0,0.0
-0.9154837772937426,-0.8943596725708697,-0.013221682109816231,-0.8989593018243993,1.353443680307682,4.776121462345992,-0.2817780139544555,-0.24471682924379487,-0.2918737241546465,-0.2891843331112601,1.0,1.0,0.0,0.0,0.0,0.0,0.0,0.0,0.0,0.0,0.0,0.0,0.0,0.0,0.0,0.0,0.0,0.0,0.0,0.0,0.0,0.0,0.0
0.47240986076925745,-0.3038584835587267,-0.013221682109816231,0.4978381637509981,-0.29867945114072364,-0.2014848393963144,-0.4316361852887272,-0.24471682924379487,-0.2918737241546465,-0.2891843331112601,0.0,1.0,0.0,0.0,0.0,0.0,0.0,0.0,0.0,0.0,0.0,0.0,0.0,0.0,0.0,0.0,0.0,0.0,0.0,0.0,0.0,0.0,0.0
-0.4528525646060759,0.8771438944655593,-0.710919676520128,-0.2005605690367006,1.1174260901007669,2.287318311474839,-0.5575170492095154,2.014486412168489,-0.2918737241546465,-0.2891843331112601,1.0,1.0,1.0,0.0,0.0,0.0,0.0,0.0,0.0,0.0,0.0,0.0,0.0,0.0,0.0,0.0,0.0,0.0,0.0,0.0,0.0,0.0,0.0
1.0506988766288408,-0.3038584835587267,0.33562731509533966,0.4978381637509981,-0.29867945114072364,-0.2014848393963144,0.9170873567197182,-0.24471682924379487,-0.2918737241546465,-0.2891843331112601,0.0,1.0,0.0,0.0,0.0,0.0,0.0,0.0,0.0,0.0,0.0,0.0,0.0,0.0,0.0,0.0,0.0,0.0,0.0,0.0,0.0,0.0,0.0
-1.0311415804656594,-0.3038584835587267,-0.3620706793149721,-0.2005605690367006,-0.29867945114072364,-0.2014848393963144,-0.4316361852887272,-0.24471682924379487,-0.2918737241546465,-0.2891843331112601,0.0,1.0,0.0,0.0,0.0,0.0,0.0,0.0,0.0,0.0,0.0,0.0,0.0,0.0,0.0,0.0,0.0,0.0,0.0,0.0,0.0,0.0,0.0
0.47240986076925745,0.2866427054534163,-0.3620706793149721,1.196236896538697,2.061496450928427,0.21331568574887785,-0.581494356622999,-0.24471682924379487,-0.2918737241546465,-0.2891843331112601,1.0,0.0,0.0,0.0,0.0,0.0,0.0,0.0,0.0,0.0,0.0,0.0,0.0,0.0,0.0,0.0,0.0,0.0,0.0,0.0,0.0,0.0,0.0
-0.799825974121826,-0.3038584835587267,-1.0597686737252838,1.196236896538697,0.4093733194800216,1.0429167360392624,-0.4316361852887272,-0.24471682924379487,-0.2918737241546465,-0.2891843331112601,1.0,1.0,0.0,0.0,0.0,0.0,0.0,0.0,0.0,0.0,0.0,0.0,0.0,0.0,0.0,0.0,0.0,0.0,0.0,0.0,0.0,0.0,0.0
0.2410942544254241,0.8771438944655593,0.33562731509533966,0.4978381637509981,-0.29867945114072364,-0.2014848393963144,-0.2817780139544555,-0.24471682924379487,-0.2918737241546465,-0.2891843331112601,0.0,1.0,0.0,0.0,0.0,0.0,0.0,0.0,0.0,0.0,0.0,0.0,0.0,0.0,0.0,0.0,0.0,0.0,0.0,0.0,0.0,0.0,0.0
0.5880676639411742,-0.3038584835587267,1.3821743067108072,-0.2005605690367006,-0.29867945114072364,-0.2014848393963144,-0.581494356622999,-0.24471682924379487,-0.2918737241546465,-0.2891843331112601,0.0,0.0,0.0,0.0,0.0,0.0,0.0,0.0,0.0,0.0,0.0,0.0,0.0,0.0,0.0,0.0,0.0,0.0,0.0,0.0,0.0,0.0,0.0
-0.799825974121826,0.8771438944655593,-0.710919676520128,-0.2005605690367006,-0.29867945114072364,-0.2014848393963144,0.9170873567197182,-0.24471682924379487,-0.2918737241546465,-0.2891843331112601,0.0,1.0,0.0,0.0,0.0,0.0,0.0,0.0,0.0,0.0,0.0,0.0,0.0,0.0,0.0,0.0,0.0,0.0,0.0,0.0,0.0,0.0,0.0
-1.3781149899814094,0.8771438944655593,-1.0597686737252838,-0.8989593018243993,-0.06266186093380857,-0.16000478688179517,-0.5575170492095154,-0.24471682924379487,-0.2918737241546465,-0.2891843331112601,1.0,1.0,0.0,0.0,0.0,0.0,0.0,0.0,0.0,0.0,0.0,0.0,0.0,0.0,0.0,0.0,0.0,0.0,0.0,0.0,0.0,0.0,1.0
0.2410942544254241,-0.3038584835587267,-0.013221682109816231,-0.2005605690367006,2.769549221549172,-0.048008645092593276,-0.5065652709558631,-0.24471682924379487,-0.2918737241546465,-0.2891843331112601,1.0,1.0,0.0,0.0,0.0,0.0,0.0,0.0,0.0,0.0,0.0,0.0,0.0,0.0,0.0,0.0,0.0,0.0,0.0,0.0,0.0,0.0,0.0
-0.5685103677779926,-0.8943596725708697,-0.013221682109816231,-0.2005605690367006,-0.29867945114072364,-0.2014848393963144,-0.533539741796032,1.4496856018154178,-0.2918737241546465,-0.2891843331112601,0.0,1.0,1.0,0.0,0.0,0.0,0.0,0.0,0.0,0.0,0.0,0.0,0.0,0.0,0.0,0.0,0.0,0.0,0.0,0.0,0.0,0.0,0.0
-0.10587915509032593,0.8771438944655593,-0.3620706793149721,0.4978381637509981,-0.29867945114072364,-0.2014848393963144,-0.4316361852887272,-0.24471682924379487,-0.2918737241546465,-0.2891843331112601,0.0,1.0,0.0,0.0,0.0,0.0,0.0,0.0,0.0,0.0,0.0,0.0,0.0,0.0,0.0,0.0,0.0,0.0,0.0,0.0,0.0,0.0,0.0
0.009778648081590747,-0.8943596725708697,-0.710919676520128,1.196236896538697,-0.29867945114072364,-0.2014848393963144,0.10251843676736543,2.5792872225215593,-0.2918737241546465,-0.2891843331112601,0.0,1.0,1.0,0.0,0.0,0.0,0.0,0.0,0.0,0.0,0.0,0.0,0.0,0.0,0.0,0.0,0.0,0.0,0.0,0.0,0.0,0.0,0.0
-0.3371947614341593,0.2866427054534163,0.33562731509533966,-0.2005605690367006,0.8814084998938517,0.011391672679275591,-0.2817780139544555,-0.24471682924379487,-0.2918737241546465,-0.2891843331112601,1.0,1.0,0.0,0.0,0.0,0.0,0.0,0.0,0.0,0.0,0.0,0.0,0.0,0.0,0.0,0.0,0.0,0.0,0.0,0.0,0.0,0.0,0.0
-0.799825974121826,-0.3038584835587267,0.33562731509533966,-0.8989593018243993,-0.29867945114072364,-0.2014848393963144,-0.581494356622999,-0.24471682924379487,3.5959976306043346,3.0171565421274806,0.0,0.0,0.0,1.0,1.0,0.0,0.0,1.0,0.0,0.0,0.0,0.0,0.0,0.0,0.0,0.0,0.0,0.0,0.0,0.0,0.0,0.0,1.0
-1.146799383637576,-0.3038584835587267,-1.7574666681355957,-0.2005605690367006,-0.29867945114072364,-0.2014848393963144,-0.4316361852887272,-0.24471682924379487,-0.2918737241546465,-0.2891843331112601,0.0,1.0,0.0,0.0,0.0,0.0,0.0,0.0,0.0,0.0,0.0,0.0,0.0,0.0,0.0,0.0,0.0,0.0,0.0,0.0,0.0,0.0,0.0
0.35675205759734074,0.8771438944655593,-1.4086176709304397,3.9898318276894917,-0.29867945114072364,-0.2014848393963144,-0.4316361852887272,-0.24471682924379487,1.652061953224844,-0.2891843331112601,0.0,1.0,0.0,1.0,0.0,0.0,0.0,0.0,1.0,0.0,0.0,0.0,0.0,0.0,0.0,0.0,0.0,0.0,0.0,0.0,0.0,0.0,0.0
-0.2215369582622426,2.058146272489845,0.33562731509533966,-0.8989593018243993,-0.29867945114072364,-0.2014848393963144,-0.4316361852887272,-0.24471682924379487,-0.2918737241546465,-0.2891843331112601,0.0,1.0,0.0,0.0,0.0,0.0,0.0,0.0,0.0,0.0,0.0,0.0,0.0,0.0,0.0,0.0,0.0,0.0,0.0,0.0,0.0,0.0,0.0
1.6289878924884242,0.2866427054534163,0.6844763123004955,-0.2005605690367006,-0.29867945114072364,-0.2014848393963144,0.6173710140511748,2.5792872225215593,3.5959976306043346,3.0171565421274806,0.0,1.0,1.0,1.0,1.0,0.0,0.0,1.0,0.0,0.0,0.0,0.0,0.0,0.0,0.0,0.0,0.0,0.0,0.0,0.0,0.0,0.0,0.0
-0.2215369582622426,0.2866427054534163,0.33562731509533966,0.4978381637509981,-0.29867945114072364,-0.2014848393963144,-0.581494356622999,-0.24471682924379487,-0.2918737241546465,-0.2891843331112601,0.0,0.0,0.0,0.0,0.0,0.0,0.0,0.0,0.0,0.0,0.0,0.0,0.0,0.0,0.0,0.0,0.0,0.0,0.0,0.0,0.0,0.0,0.0
0.35675205759734074,-0.3038584835587267,0.33562731509533966,-0.8989593018243993,-0.29867945114072364,-0.2014848393963144,-0.581494356622999,-0.24471682924379487,-0.2918737241546465,-0.2891843331112601,0.0,0.0,0.0,0.0,0.0,0.0,0.0,0.0,0.0,0.0,0.0,0.0,0.0,0.0,0.0,0.0,0.0,0.0,0.0,0.0,0.0,0.0,0.0
1.5133300893165076,0.2866427054534163,2.079872301121119,-0.2005605690367006,-0.29867945114072364,-0.2014848393963144,-0.581494356622999,-0.24471682924379487,1.652061953224844,3.0171565421274806,0.0,0.0,0.0,1.0,0.0,0.0,0.0,0.0,0.0,0.0,0.0,0.0,0.0,1.0,0.0,0.0,0.0,0.0,0.0,0.0,0.0,0.0,0.0
0.7037254671130908,-0.8943596725708697,4.1729662843520545,-0.2005605690367006,-0.29867945114072364,-0.2014848393963144,-0.4316361852887272,-0.24471682924379487,-0.2918737241546465,-0.2891843331112601,0.0,1.0,0.0,0.0,0.0,0.0,0.0,0.0,0.0,0.0,0.0,0.0,0.0,0.0,0.0,0.0,0.0,0.0,0.0,0.0,0.0,1.0,1.0
-0.9154837772937426,-0.3038584835587267,-0.710919676520128,-0.2005605690367006,-0.29867945114072364,-0.2014848393963144,-0.35670709962159136,-0.24471682924379487,-0.2918737241546465,-0.2891843331112601,0.0,1.0,0.0,0.0,0.0,0.0,0.0,0.0,0.0,0.0,0.0,0.0,0.0,0.0,0.0,0.0,0.0,0.0,0.0,0.0,0.0,0.0,0.0
-0.6841681709499093,0.8771438944655593,-0.710919676520128,-0.2005605690367006,-0.29867945114072364,-0.2014848393963144,-0.581494356622999,-0.24471682924379487,-0.2918737241546465,-0.2891843331112601,0.0,0.0,0.0,0.0,0.0,0.0,0.0,0.0,0.0,0.0,0.0,0.0,0.0,0.0,0.0,0.0,0.0,0.0,0.0,0.0,0.0,0.0,0.0
0.7037254671130908,0.8771438944655593,-0.3620706793149721,0.4978381637509981,-0.29867945114072364,-0.2014848393963144,1.8162363847253484,1.4496856018154178,-0.2918737241546465,-0.2891843331112601,0.0,1.0,1.0,0.0,0.0,0.0,0.0,0.0,0.0,0.0,0.0,0.0,0.0,0.0,0.0,0.0,0.0,0.0,0.0,0.0,0.0,0.0,0.0
-0.799825974121826,1.4676450834777024,-0.013221682109816231,-0.8989593018243993,-0.1806706560372661,0.011391672679275591,-0.581494356622999,-0.24471682924379487,-0.2918737241546465,-0.2891843331112601,1.0,0.0,0.0,0.0,0.0,0.0,0.0,0.0,0.0,0.0,0.0,0.0,0.0,0.0,0.0,0.0,0.0,0.0,0.0,0.0,0.0,0.0,0.0
0.1254364512535074,-0.3038584835587267,-0.013221682109816231,-0.2005605690367006,-0.29867945114072364,-0.2014848393963144,2.115952727393892,-0.24471682924379487,-0.2918737241546465,-0.2891843331112601,0.0,1.0,0.0,0.0,0.0,0.0,0.0,0.0,0.0,0.0,0.0,0.0,0.0,0.0,0.0,0.0,0.0,0.0,0.0,0.0,1.0,1.0,0.0
-0.4528525646060759,-0.8943596725708697,-0.013221682109816231,-0.2005605690367006,-0.29867945114072364,-0.2014848393963144,-0.4316361852887272,-0.24471682924379487,-0.2918737241546465,-0.2891843331112601,0.0,1.0,0.0,0.0,0.0,0.0,0.0,0.0,0.0,0.0,0.0,0.0,0.0,0.0,0.0,0.0,0.0,0.0,0.0,0.0,1.0,1.0,0.0
-0.2215369582622426,-0.3038584835587267,-0.3620706793149721,0.4978381637509981,-0.29867945114072364,-0.2014848393963144,-0.4316361852887272,-0.24471682924379487,-0.2918737241546465,-0.2891843331112601,0.0,1.0,0.0,0.0,0.0,0.0,0.0,0.0,0.0,0.0,0.0,0.0,0.0,0.0,0.0,0.0,0.0,0.0,0.0,0.0,0.0,0.0,0.0
-1.0311415804656594,-0.8943596725708697,-0.3620706793149721,-0.8989593018243993,0.1733557292731065,-0.1807448131390548,-0.581494356622999,-0.24471682924379487,3.5959976306043346,3.0171565421274806,1.0,0.0,0.0,1.0,1.0,0.0,0.0,1.0,0.0,0.0,0.0,0.0,0.0,0.0,0.0,0.0,0.0,0.0,0.0,0.0,1.0,1.0,0.0
-0.5685103677779926,-0.3038584835587267,-0.3620706793149721,-0.2005605690367006,-0.29867945114072364,-0.2014848393963144,-0.4316361852887272,-0.24471682924379487,-0.2918737241546465,-0.2891843331112601,0.0,1.0,0.0,0.0,0.0,0.0,0.0,0.0,0.0,0.0,0.0,0.0,0.0,0.0,0.0,0.0,0.0,0.0,0.0,0.0,0.0,0.0,0.0
1.5133300893165076,-0.3038584835587267,1.0333253095056514,0.4978381637509981,-0.29867945114072364,-0.2014848393963144,-0.581494356622999,0.32008398110927605,-0.2918737241546465,-0.2891843331112601,0.0,0.0,1.0,0.0,0.0,0.0,0.0,0.0,0.0,0.0,0.0,0.0,0.0,0.0,0.0,0.0,0.0,0.0,0.0,0.0,0.0,0.0,0.0
0.8193832702850075,-0.8943596725708697,-0.710919676520128,1.196236896538697,-0.29867945114072364,-0.2014848393963144,2.115952727393892,-0.24471682924379487,-0.2918737241546465,-0.2891843331112601,0.0,1.0,0.0,0.0,0.0,0.0,0.0,0.0,0.0,0.0,0.0,0.0,0.0,0.0,0.0,0.0,0.0,0.0,0.0,0.0,0.0,0.0,0.0
-0.799825974121826,0.2866427054534163,-0.3620706793149721,-0.8989593018243993,-0.29867945114072364,-0.2014848393963144,-0.581494356622999,-0.24471682924379487,-0.2918737241546465,-0.2891843331112601,0.0,0.0,0.0,0.0,0.0,0.0,0.0,0.0,0.0,0.0,0.0,0.0,0.0,0.0,0.0,0.0,0.0,0.0,0.0,0.0,0.0,0.0,0.0
0.8193832702850075,-0.3038584835587267,1.3821743067108072,-0.8989593018243993,-0.29867945114072364,-0.2014848393963144,-0.581494356622999,-0.24471682924379487,1.652061953224844,3.0171565421274806,0.0,0.0,0.0,1.0,0.0,0.0,0.0,0.0,0.0,0.0,0.0,0.0,0.0,1.0,0.0,0.0,0.0,0.0,0.0,0.0,0.0,0.0,0.0
1.0506988766288408,-0.8943596725708697,3.8241172871468985,-0.8989593018243993,3.4776019921699173,0.794036420952147,-0.581494356622999,-0.24471682924379487,5.539933307983825,3.0171565421274806,1.0,0.0,0.0,1.0,1.0,0.0,1.0,1.0,0.0,0.0,0.0,0.0,0.0,0.0,0.0,0.0,0.0,0.0,0.0,0.0,0.0,0.0,0.0
-0.4528525646060759,1.4676450834777024,-0.3620706793149721,-0.8989593018243993,-0.29867945114072364,-0.2014848393963144,-0.5065652709558631,-0.24471682924379487,-0.2918737241546465,-0.2891843331112601,0.0,1.0,0.0,0.0,0.0,0.0,0.0,0.0,0.0,0.0,0.0,0.0,0.0,0.0,0.0,0.0,0.0,0.0,0.0,0.0,0.0,0.0,0.0
-0.3371947614341593,-0.3038584835587267,0.33562731509533966,1.196236896538697,-0.29867945114072364,-0.2014848393963144,-0.581494356622999,-0.24471682924379487,1.652061953224844,3.0171565421274806,0.0,0.0,0.0,1.0,0.0,0.0,0.0,0.0,0.0,0.0,0.0,0.0,0.0,1.0,0.0,0.0,0.0,0.0,0.0,0.0,1.0,1.0,0.0
-0.3371947614341593,-0.3038584835587267,-0.013221682109816231,-0.8989593018243993,-0.29867945114072364,-0.2014848393963144,-0.4316361852887272,-0.24471682924379487,1.652061953224844,3.0171565421274806,0.0,1.0,0.0,1.0,0.0,0.0,0.0,0.0,0.0,0.0,0.0,0.0,0.0,1.0,0.0,0.0,0.0,0.0,0.0,0.0,0.0,0.0,0.0
-1.146799383637576,-0.3038584835587267,-0.710919676520128,-0.2005605690367006,-0.29867945114072364,-0.2014848393963144,-0.4316361852887272,-0.24471682924379487,-0.2918737241546465,-0.2891843331112601,0.0,1.0,0.0,0.0,0.0,0.0,0.0,0.0,0.0,0.0,0.0,0.0,0.0,0.0,0.0,0.0,0.0,0.0,0.0,0.0,0.0,0.0,0.0
0.47240986076925745,-0.8943596725708697,-0.013221682109816231,1.8946356293263955,-0.29867945114072364,-0.2014848393963144,-0.2817780139544555,-0.24471682924379487,-0.2918737241546465,-0.2891843331112601,0.0,1.0,0.0,0.0,0.0,0.0,0.0,0.0,0.0,0.0,0.0,0.0,0.0,0.0,0.0,0.0,0.0,0.0,0.0,0.0,0.0,0.0,0.0
-0.2215369582622426,-0.3038584835587267,0.33562731509533966,0.4978381637509981,-0.29867945114072364,-0.2014848393963144,0.9170873567197182,-0.24471682924379487,-0.2918737241546465,-0.2891843331112601,0.0,1.0,0.0,0.0,0.0,0.0,0.0,0.0,0.0,0.0,0.0,0.0,0.0,0.0,0.0,0.0,0.0,0.0,0.0,0.0,0.0,0.0,0.0
-1.493772793153326,-0.8943596725708697,-1.0597686737252838,-0.2005605690367006,-0.29867945114072364,-0.2014848393963144,-0.4316361852887272,-0.24471682924379487,-0.2918737241546465,-0.2891843331112601,0.0,1.0,0.0,0.0,0.0,0.0,0.0,0.0,0.0,0.0,0.0,0.0,0.0,0.0,0.0,0.0,0.0,0.0,0.0,0.0,0.0,0.0,0.0
0.2410942544254241,-0.8943596725708697,1.0333253095056514,-0.2005605690367006,-0.29867945114072364,-0.2014848393963144,1.516520042056805,-0.24471682924379487,-0.2918737241546465,-0.2891843331112601,0.0,1.0,0.0,0.0,0.0,0.0,0.0,0.0,0.0,0.0,0.0,0.0,0.0,0.0,0.0,0.0,0.0,0.0,0.0,0.0,0.0,0.0,0.0
0.2410942544254241,-0.3038584835587267,-0.013221682109816231,-0.2005605690367006,-0.29867945114072364,-0.2014848393963144,-0.4316361852887272,-0.24471682924379487,-0.2918737241546465,-0.2891843331112601,0.0,1.0,0.0,0.0,0.0,0.0,0.0,0.0,0.0,0.0,0.0,0.0,0.0,0.0,0.0,0.0,0.0,0.0,0.0,0.0,0.0,0.0,0.0
-0.10587915509032593,-0.3038584835587267,-0.013221682109816231,-0.2005605690367006,1.825478860721512,0.3584958695496952,0.31765467138263137,-0.24471682924379487,3.5959976306043346,3.0171565421274806,1.0,1.0,0.0,1.0,1.0,0.0,0.0,1.0,0.0,0.0,0.0,0.0,0.0,0.0,0.0,0.0,0.0,0.0,0.0,0.0,0.0,1.0,0.0
0.9350410734569241,0.2866427054534163,0.33562731509533966,1.196236896538697,3.9496371725837474,3.5317198869104156,-0.581494356622999,-0.24471682924379487,-0.2918737241546465,-0.2891843331112601,1.0,0.0,0.0,0.0,0.0,0.0,0.0,0.0,0.0,0.0,0.0,0.0,0.0,0.0,0.0,0.0,0.0,0.0,0.0,0.0,0.0,0.0,0.0
-1.0311415804656594,-0.3038584835587267,-0.710919676520128,-0.8989593018243993,-0.29867945114072364,-0.2014848393963144,-0.581494356622999,-0.24471682924379487,-0.2918737241546465,-0.2891843331112601,0.0,0.0,0.0,0.0,0.0,0.0,0.0,0.0,0.0,0.0,0.0,0.0,0.0,0.0,0.0,0.0,0.0,0.0,0.0,0.0,0.0,0.0,0.0
0.1254364512535074,-0.8943596725708697,0.6844763123004955,-0.2005605690367006,-0.29867945114072364,-0.2014848393963144,-0.4316361852887272,-0.24471682924379487,-0.2918737241546465,-0.2891843331112601,0.0,1.0,0.0,0.0,0.0,0.0,0.0,0.0,0.0,0.0,0.0,0.0,0.0,0.0,0.0,0.0,0.0,0.0,0.0,0.0,0.0,0.0,0.0
0.009778648081590747,0.2866427054534163,-0.710919676520128,-0.2005605690367006,-0.29867945114072364,-0.2014848393963144,-0.581494356622999,4.273689653580772,-0.2918737241546465,-0.2891843331112601,0.0,0.0,1.0,0.0,0.0,0.0,0.0,0.0,0.0,0.0,0.0,0.0,0.0,0.0,0.0,0.0,0.0,0.0,0.0,0.0,0.0,0.0,0.0
0.7037254671130908,0.2866427054534163,-0.710919676520128,1.196236896538697,-0.29867945114072364,-0.2014848393963144,-0.5575170492095154,-0.24471682924379487,-0.2918737241546465,-0.2891843331112601,0.0,1.0,0.0,0.0,0.0,0.0,0.0,0.0,0.0,0.0,0.0,0.0,0.0,0.0,0.0,0.0,0.0,0.0,0.0,0.0,0.0,0.0,0.0
-1.0311415804656594,-0.8943596725708697,-0.013221682109816231,-0.8989593018243993,-0.29867945114072364,-0.2014848393963144,-0.533539741796032,-0.24471682924379487,-0.2918737241546465,-0.2891843331112601,0.0,1.0,0.0,0.0,0.0,0.0,0.0,0.0,0.0,0.0,0.0,0.0,0.0,0.0,0.0,0.0,0.0,0.0,0.0,0.0,0.0,0.0,0.0
2.2072769083480077,-0.8943596725708697,-1.4086176709304397,-1.597358034612098,-0.29867945114072364,-0.2014848393963144,-0.581494356622999,-0.24471682924379487,-0.2918737241546465,-0.2891843331112601,0.0,0.0,0.0,0.0,0.0,0.0,0.0,0.0,0.0,0.0,0.0,0.0,0.0,0.0,0.0,0.0,0.0,0.0,0.0,0.0,0.0,0.0,0.0
1.744645695660341,0.2866427054534163,-0.013221682109816231,-0.8989593018243993,-0.29867945114072364,-0.2014848393963144,-0.581494356622999,-0.24471682924379487,-0.2918737241546465,-0.2891843331112601,0.0,0.0,0.0,0.0,0.0,0.0,0.0,0.0,0.0,0.0,0.0,0.0,0.0,0.0,0.0,0.0,0.0,0.0,0.0,0.0,0.0,0.0,0.0
1.5133300893165076,-0.8943596725708697,1.0333253095056514,3.291433094901793,-0.29867945114072364,-0.2014848393963144,-0.581494356622999,-0.24471682924379487,-0.2918737241546465,-0.2891843331112601,0.0,0.0,0.0,0.0,0.0,0.0,0.0,0.0,0.0,0.0,0.0,0.0,0.0,0.0,0.0,0.0,0.0,0.0,0.0,0.0,0.0,0.0,0.0
1.744645695660341,0.2866427054534163,0.33562731509533966,1.196236896538697,-0.29867945114072364,-0.2014848393963144,-0.2817780139544555,-0.24471682924379487,3.5959976306043346,3.0171565421274806,0.0,1.0,0.0,1.0,1.0,0.0,0.0,1.0,0.0,0.0,0.0,0.0,0.0,0.0,0.0,0.0,0.0,0.0,0.0,0.0,0.0,0.0,0.0
-0.799825974121826,-0.3038584835587267,-0.3620706793149721,-0.8989593018243993,-0.29867945114072364,-0.2014848393963144,-0.4316361852887272,-0.24471682924379487,-0.2918737241546465,-0.2891843331112601,0.0,1.0,0.0,0.0,0.0,0.0,0.0,0.0,0.0,0.0,0.0,0.0,0.0,0.0,0.0,0.0,0.0,0.0,0.0,0.0,0.0,0.0,0.0
-0.9154837772937426,-0.8943596725708697,-0.3620706793149721,-0.8989593018243993,-0.29867945114072364,-0.2014848393963144,-0.4316361852887272,-0.24471682924379487,-0.2918737241546465,-0.2891843331112601,0.0,1.0,0.0,0.0,0.0,0.0,0.0,0.0,0.0,0.0,0.0,0.0,0.0,0.0,0.0,0.0,0.0,0.0,0.0,0.0,0.0,0.0,0.0
-0.3371947614341593,0.8771438944655593,-1.0597686737252838,-0.2005605690367006,0.1733557292731065,0.21331568574887785,-0.581494356622999,-0.24471682924379487,-0.2918737241546465,-0.2891843331112601,1.0,0.0,0.0,0.0,0.0,0.0,0.0,0.0,0.0,0.0,0.0,0.0,0.0,0.0,0.0,0.0,0.0,0.0,0.0,0.0,0.0,0.0,0.0
-0.2215369582622426,0.2866427054534163,-0.710919676520128,-0.2005605690367006,-0.29867945114072364,-0.2014848393963144,-0.581494356622999,-0.24471682924379487,-0.2918737241546465,-0.2891843331112601,0.0,0.0,0.0,0.0,0.0,0.0,0.0,0.0,0.0,0.0,0.0,0.0,0.0,0.0,0.0,0.0,0.0,0.0,0.0,0.0,0.0,0.0,0.0
1.1663566798007574,0.8771438944655593,3.126419292736587,-0.8989593018243993,-0.29867945114072364,-0.2014848393963144,-0.581494356622999,-0.24471682924379487,-0.2918737241546465,-0.2891843331112601,0.0,0.0,0.0,0.0,0.0,0.0,0.0,0.0,0.0,0.0,0.0,0.0,0.0,0.0,0.0,0.0,0.0,0.0,0.0,0.0,0.0,0.0,0.0
1.0506988766288408,-0.8943596725708697,-0.3620706793149721,0.4978381637509981,-0.29867945114072364,-0.2014848393963144,2.7153854127309787,-0.24471682924379487,-0.2918737241546465,-0.2891843331112601,0.0,1.0,0.0,0.0,0.0,0.0,0.0,0.0,0.0,0.0,0.0,0.0,0.0,0.0,0.0,0.0,0.0,0.0,0.0,0.0,0.0,0.0,0.0
1.9759613020041742,0.2866427054534163,2.079872301121119,-0.2005605690367006,-0.29867945114072364,-0.2014848393963144,-0.4316361852887272,-0.24471682924379487,-0.2918737241546465,-0.2891843331112601,0.0,1.0,0.0,0.0,0.0,0.0,0.0,0.0,0.0,0.0,0.0,0.0,0.0,0.0,0.0,0.0,0.0,0.0,0.0,0.0,0.0,0.0,0.0
-1.0311415804656594,-0.3038584835587267,-0.710919676520128,-0.2005605690367006,-0.29867945114072364,-0.2014848393963144,-0.2817780139544555,-0.24471682924379487,-0.2918737241546465,-0.2891843331112601,0.0,1.0,0.0,0.0,0.0,0.0,0.0,0.0,0.0,0.0,0.0,0.0,0.0,0.0,0.0,0.0,0.0,0.0,0.0,0.0,0.0,0.0,0.0
0.1254364512535074,-0.8943596725708697,0.6844763123004955,-0.2005605690367006,-0.29867945114072364,-0.2014848393963144,-0.4316361852887272,-0.24471682924379487,-0.2918737241546465,-0.2891843331112601,0.0,1.0,0.0,0.0,0.0,0.0,0.0,0.0,0.0,0.0,0.0,0.0,0.0,0.0,0.0,0.0,0.0,0.0,0.0,0.0,0.0,0.0,0.0
-0.2215369582622426,2.058146272489845,-0.013221682109816231,-0.2005605690367006,-0.29867945114072364,-0.2014848393963144,0.01793832871408793,-0.24471682924379487,5.539933307983825,3.0171565421274806,0.0,1.0,0.0,1.0,1.0,0.0,0.0,1.0,0.0,0.0,0.0,0.0,0.0,1.0,0.0,0.0,0.0,0.0,0.0,0.0,0.0,1.0,1.0
-1.2624571868094927,-0.8943596725708697,-0.710919676520128,-0.8989593018243993,-0.29867945114072364,-0.2014848393963144,-0.581494356622999,-0.24471682924379487,-0.2918737241546465,-0.2891843331112601,0.0,0.0,0.0,0.0,0.0,0.0,0.0,0.0,0.0,0.0,0.0,0.0,0.0,0.0,0.0,0.0,0.0,0.0,0.0,0.0,0.0,0.0,0.0
-0.9154837772937426,0.8771438944655593,-0.710919676520128,-0.8989593018243993,-0.29867945114072364,-0.2014848393963144,-0.581494356622999,-0.24471682924379487,-0.2918737241546465,-0.2891843331112601,0.0,0.0,0.0,0.0,0.0,0.0,0.0,0.0,0.0,0.0,0.0,0.0,0.0,0.0,0.0,0.0,0.0,0.0,0.0,0.0,0.0,0.0,0.0
-0.6841681709499093,1.4676450834777024,-0.013221682109816231,-0.8989593018243993,-0.29867945114072364,-0.2014848393963144,-0.581494356622999,-0.24471682924379487,-0.2918737241546465,-0.2891843331112601,0.0,0.0,0.0,0.0,0.0,0.0,0.0,0.0,0.0,0.0,0.0,0.0,0.0,0.0,0.0,0.0,0.0,0.0,0.0,0.0,0.0,0.0,0.0
1.397672286144591,-0.8943596725708697,0.33562731509533966,1.196236896538697,-0.29867945114072364,-0.2014848393963144,1.8162363847253484,1.4496856018154178,-0.2918737241546465,-0.2891843331112601,0.0,1.0,1.0,0.0,0.0,0.0,0.0,0.0,0.0,0.0,0.0,0.0,0.0,0.0,0.0,0.0,0.0,0.0,0.0,0.0,0.0,1.0,0.0
-0.4528525646060759,-0.3038584835587267,-0.3620706793149721,-0.2005605690367006,-0.29867945114072364,-0.2014848393963144,-0.581494356622999,-0.24471682924379487,-0.2918737241546465,-0.2891843331112601,0.0,0.0,0.0,0.0,0.0,0.0,0.0,0.0,0.0,0.0,0.0,0.0,0.0,0.0,0.0,0.0,0.0,0.0,0.0,0.0,0.0,0.0,0.0
-0.10587915509032593,1.4676450834777024,0.33562731509533966,-0.2005605690367006,-0.29867945114072364,-0.2014848393963144,-0.2817780139544555,-0.24471682924379487,-0.2918737241546465,-0.2891843331112601,0.0,1.0,0.0,0.0,0.0,0.0,0.0,0.0,0.0,0.0,0.0,0.0,0.0,0.0,0.0,0.0,0.0,1.0,0.0,1.0,0.0,0.0,0.0
-0.6841681709499093,-0.8943596725708697,-1.4086176709304397,-0.2005605690367006,3.2415844019630025,0.10961555446257978,0.6173710140511748,-0.24471682924379487,-0.2918737241546465,-0.2891843331112601,1.0,1.0,0.0,0.0,0.0,0.0,0.0,0.0,0.0,0.0,0.0,0.0,0.0,0.0,0.0,0.0,0.0,0.0,0.0,0.0,0.0,0.0,0.0
1.0506988766288408,-0.3038584835587267,-0.710919676520128,0.4978381637509981,-0.29867945114072364,-0.2014848393963144,-0.581494356622999,-0.24471682924379487,1.652061953224844,3.0171565421274806,0.0,0.0,0.0,1.0,0.0,0.0,0.0,0.0,1.0,0.0,0.0,0.0,0.0,0.0,0.0,0.0,0.0,0.0,0.0,0.0,0.0,0.0,0.0
-1.0311415804656594,-0.3038584835587267,-0.710919676520128,-0.8989593018243993,-0.29867945114072364,-0.2014848393963144,-0.581494356622999,-0.24471682924379487,-0.2918737241546465,-0.2891843331112601,0.0,0.0,0.0,0.0,0.0,0.0,0.0,0.0,0.0,0.0,0.0,0.0,0.0,0.0,0.0,0.0,0.0,0.0,0.0,0.0,0.0,0.0,1.0
-0.5685103677779926,0.2866427054534163,0.33562731509533966,-0.8989593018243993,-0.29867945114072364,-0.2014848393963144,-0.581494356622999,-0.24471682924379487,-0.2918737241546465,-0.2891843331112601,0.0,0.0,0.0,0.0,0.0,0.0,0.0,0.0,0.0,0.0,0.0,0.0,0.0,0.0,0.0,0.0,0.0,0.0,0.0,0.0,0.0,0.0,0.0
-0.10587915509032593,-0.3038584835587267,0.6844763123004955,-0.8989593018243993,-0.29867945114072364,-0.2014848393963144,-0.581494356622999,-0.24471682924379487,-0.2918737241546465,-0.2891843331112601,0.0,0.0,0.0,0.0,0.0,0.0,0.0,0.0,0.0,0.0,0.0,0.0,0.0,0.0,0.0,0.0,0.0,0.0,0.0,0.0,0.0,0.0,0.0
-0.10587915509032593,-0.3038584835587267,0.33562731509533966,-0.8989593018243993,-0.29867945114072364,-0.2014848393963144,-0.581494356622999,-0.24471682924379487,-0.2918737241546465,-0.2891843331112601,0.0,0.0,0.0,0.0,0.0,0.0,0.0,0.0,0.0,0.0,0.0,0.0,0.0,0.0,0.0,0.0,0.0,0.0,0.0,0.0,0.0,0.0,0.0
0.1254364512535074,-0.8943596725708697,3.126419292736587,-0.2005605690367006,-0.29867945114072364,-0.2014848393963144,0.01793832871408793,-0.24471682924379487,-0.2918737241546465,-0.2891843331112601,0.0,1.0,0.0,0.0,0.0,0.0,0.0,0.0,0.0,0.0,0.0,0.0,0.0,0.0,0.0,0.0,0.0,0.0,0.0,0.0,0.0,0.0,0.0
-0.2215369582622426,0.2866427054534163,-0.013221682109816231,-0.2005605690367006,-0.29867945114072364,-0.2014848393963144,-0.5575170492095154,-0.24471682924379487,-0.2918737241546465,-0.2891843331112601,0.0,1.0,0.0,0.0,0.0,0.0,0.0,0.0,0.0,0.0,0.0,0.0,0.0,0.0,0.0,0.0,0.0,0.0,0.0,0.0,1.0,1.0,1.0
-1.0311415804656594,-0.3038584835587267,-1.0597686737252838,-0.2005605690367006,-0.29867945114072364,-0.2014848393963144,-0.2817780139544555,-0.24471682924379487,-0.2918737241546465,-0.2891843331112601,0.0,1.0,0.0,0.0,0.0,0.0,0.0,0.0,0.0,0.0,0.0,0.0,0.0,0.0,0.0,0.0,0.0,0.0,0.0,0.0,0.0,0.0,0.0
0.9350410734569241,-0.3038584835587267,0.33562731509533966,2.593034362114094,-0.29867945114072364,-0.2014848393963144,-0.2817780139544555,-0.24471682924379487,-0.2918737241546465,-0.2891843331112601,0.0,1.0,0.0,0.0,0.0,0.0,0.0,0.0,0.0,0.0,0.0,0.0,0.0,0.0,0.0,0.0,0.0,0.0,0.0,0.0,1.0,1.0,1.0
1.397672286144591,-0.3038584835587267,-0.013221682109816231,1.196236896538697,-0.29867945114072364,-0.2014848393963144,-0.581494356622999,-0.24471682924379487,-0.2918737241546465,-0.2891843331112601,0.0,0.0,0.0,0.0,0.0,0.0,0.0,0.0,0.0,0.0,0.0,0.0,0.0,0.0,0.0,0.0,0.0,0.0,0.0,0.0,0.0,0.0,0.0
-0.4528525646060759,0.8771438944655593,-0.3620706793149721,0.4978381637509981,-0.06266186093380857,-0.16000478688179517,1.516520042056805,-0.24471682924379487,-0.2918737241546465,-0.2891843331112601,1.0,1.0,0.0,0.0,0.0,0.0,0.0,0.0,0.0,0.0,0.0,0.0,0.0,0.0,0.0,0.0,0.0,0.0,0.0,0.0,0.0,0.0,0.0
-1.146799383637576,0.8771438944655593,-1.0597686737252838,-0.2005605690367006,0.6453909096869367,0.21331568574887785,-0.581494356622999,-0.24471682924379487,-0.2918737241546465,-0.2891843331112601,1.0,0.0,0.0,0.0,0.0,0.0,0.0,0.0,0.0,0.0,0.0,0.0,0.0,0.0,0.0,0.0,0.0,0.0,0.0,0.0,0.0,0.0,0.0
-1.0311415804656594,0.2866427054534163,-0.710919676520128,-0.8989593018243993,-0.29867945114072364,-0.2014848393963144,-0.40765887787524374,-0.24471682924379487,-0.2918737241546465,-0.2891843331112601,0.0,1.0,0.0,0.0,0.0,0.0,0.0,0.0,0.0,0.0,0.0,0.0,0.0,0.0,0.0,0.0,0.0,0.0,0.0,0.0,0.0,0.0,0.0
0.5880676639411742,-0.8943596725708697,0.6844763123004955,-0.8989593018243993,-0.29867945114072364,-0.2014848393963144,-0.5065652709558631,-0.24471682924379487,-0.2918737241546465,-0.2891843331112601,0.0,1.0,0.0,0.0,0.0,0.0,0.0,0.0,0.0,0.0,0.0,0.0,0.0,0.0,0.0,0.0,0.0,0.0,0.0,0.0,0.0,0.0,0.0
0.7037254671130908,0.2866427054534163,0.6844763123004955,-1.597358034612098,-0.29867945114072364,-0.2014848393963144,-0.581494356622999,-0.24471682924379487,-0.2918737241546465,-0.2891843331112601,0.0,0.0,0.0,0.0,0.0,0.0,0.0,0.0,0.0,0.0,0.0,0.0,0.0,0.0,0.0,0.0,0.0,0.0,0.0,0.0,0.0,0.0,0.0
0.47240986076925745,0.2866427054534163,0.33562731509533966,-0.8989593018243993,-0.29867945114072364,-0.2014848393963144,-0.4316361852887272,-0.24471682924379487,-0.2918737241546465,-0.2891843331112601,0.0,1.0,0.0,0.0,0.0,0.0,0.0,0.0,0.0,0.0,0.0,0.0,0.0,0.0,0.0,0.0,0.0,0.0,0.0,0.0,0.0,0.0,0.0
0.9350410734569241,1.4676450834777024,0.6844763123004955,-0.2005605690367006,-0.29867945114072364,-0.2014848393963144,-0.581494356622999,-0.24471682924379487,-0.2918737241546465,-0.2891843331112601,0.0,0.0,0.0,0.0,0.0,0.0,0.0,0.0,0.0,0.0,0.0,0.0,0.0,0.0,0.0,0.0,0.0,0.0,0.0,0.0,0.0,1.0,0.0
-0.4528525646060759,-0.3038584835587267,-0.013221682109816231,-0.8989593018243993,-0.29867945114072364,-0.2014848393963144,-0.2817780139544555,-0.24471682924379487,-0.2918737241546465,-0.2891843331112601,0.0,1.0,0.0,0.0,0.0,0.0,0.0,0.0,0.0,0.0,0.0,0.0,0.0,0.0,0.0,0.0,0.0,0.0,0.0,0.0,0.0,0.0,0.0
-1.0311415804656594,-0.3038584835587267,-0.3620706793149721,-0.8989593018243993,-0.29867945114072364,-0.2014848393963144,-0.581494356622999,-0.24471682924379487,5.539933307983825,6.323497417366221,0.0,0.0,0.0,1.0,1.0,0.0,0.0,1.0,0.0,0.0,0.0,0.0,0.0,1.0,0.0,0.0,0.0,0.0,0.0,0.0,0.0,0.0,0.0
-0.4528525646060759,-0.3038584835587267,-0.013221682109816231,0.4978381637509981,-0.29867945114072364,-0.2014848393963144,0.31765467138263137,-0.24471682924379487,-0.2918737241546465,-0.2891843331112601,0.0,1.0,0.0,0.0,0.0,0.0,0.0,0.0,0.0,0.0,0.0,0.0,0.0,0.0,0.0,0.0,0.0,0.0,0.0,0.0,0.0,0.0,0.0
-0.6841681709499093,-0.8943596725708697,0.33562731509533966,-0.2005605690367006,-0.29867945114072364,-0.2014848393963144,-0.581494356622999,-0.24471682924379487,-0.2918737241546465,-0.2891843331112601,0.0,0.0,0.0,0.0,0.0,0.0,0.0,0.0,0.0,0.0,0.0,0.0,0.0,0.0,0.0,0.0,0.0,0.0,0.0,0.0,0.0,0.0,0.0
-0.6841681709499093,-0.3038584835587267,0.6844763123004955,-0.2005605690367006,-0.29867945114072364,-0.2014848393963144,-0.4316361852887272,-0.24471682924379487,-0.2918737241546465,-0.2891843331112601,0.0,1.0,0.0,0.0,0.0,0.0,0.0,0.0,0.0,0.0,0.0,0.0,0.0,0.0,0.0,0.0,0.0,0.0,0.0,0.0,0.0,0.0,0.0
-0.6841681709499093,0.8771438944655593,-0.710919676520128,-0.8989593018243993,-0.29867945114072364,-0.2014848393963144,-0.581494356622999,-0.24471682924379487,-0.2918737241546465,-0.2891843331112601,0.0,0.0,0.0,0.0,0.0,0.0,0.0,0.0,0.0,0.0,0.0,0.0,0.0,0.0,0.0,0.0,0.0,0.0,0.0,0.0,0.0,1.0,1.0
-0.9154837772937426,-0.3038584835587267,-0.710919676520128,0.4978381637509981,-0.29867945114072364,-0.2014848393963144,-0.40765887787524374,-0.24471682924379487,-0.2918737241546465,-0.2891843331112601,0.0,1.0,0.0,0.0,0.0,0.0,0.0,0.0,0.0,0.0,0.0,0.0,0.0,0.0,0.0,0.0,0.0,0.0,0.0,0.0,1.0,1.0,0.0
0.009778648081590747,-0.8943596725708697,0.33562731509533966,0.4978381637509981,-0.29867945114072364,-0.2014848393963144,-0.4316361852887272,-0.24471682924379487,-0.2918737241546465,-0.2891843331112601,0.0,1.0,0.0,0.0,0.0,0.0,0.0,0.0,0.0,0.0,0.0,0.0,0.0,0.0,0.0,0.0,0.0,0.0,0.0,0.0,1.0,1.0,0.0
2.091619105176091,-0.8943596725708697,0.6844763123004955,-0.2005605690367006,-0.29867945114072364,-0.2014848393963144,1.2168036993882616,-0.24471682924379487,-0.2918737241546465,-0.2891843331112601,0.0,1.0,0.0,0.0,0.0,0.0,0.0,0.0,0.0,0.0,0.0,0.0,0.0,0.0,0.0,0.0,0.0,0.0,0.0,0.0,0.0,0.0,0.0
-1.146799383637576,-0.8943596725708697,-1.0597686737252838,-0.2005605690367006,-0.29867945114072364,-0.2014848393963144,0.01793832871408793,-0.24471682924379487,-0.2918737241546465,-0.2891843331112601,0.0,1.0,0.0,0.0,0.0,0.0,0.0,0.0,0.0,0.0,0.0,0.0,0.0,0.0,0.0,0.0,0.0,0.0,0.0,0.0,0.0,0.0,0.0
-0.3371947614341593,0.8771438944655593,-0.013221682109816231,-0.8989593018243993,1.825478860721512,0.7318163421803682,-0.2817780139544555,-0.24471682924379487,-0.2918737241546465,-0.2891843331112601,1.0,1.0,0.0,0.0,0.0,0.0,0.0,0.0,0.0,0.0,0.0,0.0,0.0,0.0,0.0,0.0,0.0,0.0,0.0,0.0,0.0,0.0,0.0
-0.6841681709499093,-0.3038584835587267,-1.4086176709304397,-0.2005605690367006,-0.29867945114072364,-0.2014848393963144,-0.4316361852887272,-0.24471682924379487,-0.2918737241546465,-0.2891843331112601,0.0,1.0,0.0,0.0,0.0,0.0,0.0,0.0,0.0,0.0,0.0,0.0,0.0,0.0,0.0,0.0,0.0,0.0,0.0,0.0,0.0,0.0,0.0
-1.3781149899814094,-0.8943596725708697,-0.710919676520128,-0.8989593018243993,-0.29867945114072364,-0.2014848393963144,-0.581494356622999,-0.24471682924379487,-0.2918737241546465,-0.2891843331112601,0.0,0.0,0.0,0.0,0.0,0.0,0.0,0.0,0.0,0.0,0.0,0.0,0.0,0.0,0.0,0.0,0.0,0.0,0.0,0.0,0.0,0.0,0.0
1.1663566798007574,2.058146272489845,3.126419292736587,-0.8989593018243993,-0.29867945114072364,-0.2014848393963144,-0.5065652709558631,-0.24471682924379487,-0.2918737241546465,-0.2891843331112601,0.0,1.0,0.0,0.0,0.0,0.0,0.0,0.0,0.0,0.0,0.0,0.0,0.0,0.0,0.0,0.0,0.0,0.0,0.0,0.0,0.0,0.0,0.0
-1.0311415804656594,0.2866427054534163,0.33562731509533966,1.196236896538697,-0.29867945114072364,-0.2014848393963144,0.9170873567197182,-0.24471682924379487,-0.2918737241546465,-0.2891843331112601,0.0,1.0,0.0,0.0,0.0,0.0,0.0,0.0,0.0,0.0,0.0,0.0,0.0,0.0,0.0,0.0,0.0,0.0,0.0,0.0,0.0,0.0,0.0
-0.10587915509032593,-0.3038584835587267,1.0333253095056514,-0.8989593018243993,-0.29867945114072364,-0.2014848393963144,-0.581494356622999,-0.24471682924379487,-0.2918737241546465,-0.2891843331112601,0.0,0.0,0.0,0.0,0.0,0.0,0.0,0.0,0.0,0.0,0.0,0.0,0.0,0.0,0.0,0.0,0.0,0.0,0.0,0.0,0.0,0.0,0.0
1.0506988766288408,-0.3038584835587267,-0.3620706793149721,1.8946356293263955,-0.29867945114072364,-0.2014848393963144,-0.533539741796032,-0.24471682924379487,-0.2918737241546465,-0.2891843331112601,0.0,1.0,0.0,0.0,0.0,0.0,0.0,0.0,0.0,0.0,0.0,0.0,0.0,0.0,0.0,0.0,0.0,0.0,0.0,0.0,0.0,0.0,0.0
-0.9154837772937426,-0.8943596725708697,-0.3620706793149721,-0.8989593018243993,-0.29867945114072364,-0.2014848393963144,-0.581494356622999,-0.24471682924379487,-0.2918737241546465,-0.2891843331112601,0.0,0.0,0.0,0.0,0.0,0.0,0.0,0.0,0.0,0.0,0.0,0.0,0.0,0.0,0.0,0.0,0.0,0.0,0.0,0.0,0.0,0.0,0.0
-0.3371947614341593,-0.8943596725708697,-0.013221682109816231,-0.8989593018243993,-0.29867945114072364,-0.2014848393963144,-0.581494356622999,-0.24471682924379487,-0.2918737241546465,-0.2891843331112601,0.0,0.0,0.0,0.0,0.0,0.0,0.0,0.0,0.0,0.0,0.0,0.0,0.0,0.0,0.0,0.0,0.0,0.0,0.0,0.0,0.0,0.0,1.0
0.009778648081590747,2.058146272489845,0.6844763123004955,0.4978381637509981,-0.29867945114072364,-0.2014848393963144,-0.581494356622999,-0.24471682924379487,-0.2918737241546465,-0.2891843331112601,0.0,0.0,0.0,0.0,0.0,0.0,0.0,0.0,0.0,0.0,0.0,0.0,0.0,0.0,0.0,0.0,0.0,0.0,0.0,0.0,0.0,0.0,0.0
-0.799825974121826,0.2866427054534163,0.33562731509533966,-0.2005605690367006,-0.29867945114072364,-0.2014848393963144,-0.581494356622999,-0.24471682924379487,-0.2918737241546465,-0.2891843331112601,0.0,0.0,0.0,0.0,0.0,0.0,0.0,0.0,0.0,0.0,0.0,0.0,0.0,0.0,0.0,0.0,0.0,0.0,0.0,0.0,0.0,0.0,0.0
0.35675205759734074,1.4676450834777024,-0.3620706793149721,1.196236896538697,-0.29867945114072364,-0.2014848393963144,-0.581494356622999,3.708888843227701,1.652061953224844,3.0171565421274806,0.0,0.0,1.0,1.0,0.0,0.0,0.0,0.0,0.0,0.0,0.0,0.0,0.0,1.0,0.0,0.0,0.0,0.0,0.0,0.0,0.0,0.0,1.0
-1.0311415804656594,-0.3038584835587267,-0.710919676520128,-0.2005605690367006,-0.29867945114072364,-0.2014848393963144,-0.581494356622999,-0.24471682924379487,-0.2918737241546465,-0.2891843331112601,0.0,0.0,0.0,0.0,0.0,0.0,0.0,0.0,0.0,0.0,0.0,0.0,0.0,0.0,0.0,0.0,0.0,0.0,0.0,0.0,0.0,0.0,0.0
1.0506988766288408,-0.3038584835587267,0.33562731509533966,-0.2005605690367006,4.185654762790662,2.9509991517071463,1.8162363847253484,-0.24471682924379487,-0.2918737241546465,-0.2891843331112601,1.0,1.0,0.0,0.0,0.0,0.0,0.0,0.0,0.0,0.0,0.0,0.0,0.0,0.0,0.0,0.0,0.0,0.0,0.0,0.0,0.0,0.0,0.0
-0.5685103677779926,-0.8943596725708697,1.3821743067108072,-0.2005605690367006,-0.29867945114072364,-0.2014848393963144,-0.581494356622999,-0.24471682924379487,-0.2918737241546465,-0.2891843331112601,0.0,0.0,0.0,0.0,0.0,0.0,0.0,0.0,0.0,0.0,0.0,0.0,0.0,0.0,0.0,0.0,0.0,0.0,0.0,0.0,0.0,0.0,0.0
-0.799825974121826,0.2866427054534163,-0.3620706793149721,1.196236896538697,-0.29867945114072364,-0.2014848393963144,0.31765467138263137,-0.24471682924379487,-0.2918737241546465,-0.2891843331112601,0.0,1.0,0.0,0.0,0.0,0.0,0.0,0.0,0.0,0.0,0.0,0.0,0.0,0.0,0.0,0.0,0.0,0.0,0.0,0.0,0.0,0.0,0.0
-0.6841681709499093,0.8771438944655593,-1.0597686737252838,-0.8989593018243993,-0.29867945114072364,-0.2014848393963144,-0.4316361852887272,-0.24471682924379487,-0.2918737241546465,-0.2891843331112601,0.0,1.0,0.0,0.0,0.0,0.0,0.0,0.0,0.0,0.0,0.0,0.0,0.0,0.0,0.0,0.0,0.0,0.0,0.0,0.0,0.0,0.0,0.0
-1.3781149899814094,-0.3038584835587267,-1.4086176709304397,-0.8989593018243993,-0.29867945114072364,-0.2014848393963144,-0.2817780139544555,-0.24471682924379487,1.652061953224844,3.0171565421274806,0.0,1.0,0.0,1.0,0.0,0.0,0.0,0.0,1.0,0.0,0.0,0.0,0.0,0.0,0.0,0.0,0.0,0.0,0.0,0.0,0.0,0.0,0.0
-0.3371947614341593,-0.8943596725708697,-1.0597686737252838,-1.597358034612098,-0.29867945114072364,-0.2014848393963144,-0.581494356622999,-0.24471682924379487,-0.2918737241546465,-0.2891843331112601,0.0,0.0,0.0,0.0,0.0,0.0,0.0,0.0,0.0,0.0,0.0,0.0,0.0,0.0,0.0,0.0,0.0,0.0,0.0,0.0,0.0,0.0,0.0
-0.9154837772937426,-0.3038584835587267,-0.710919676520128,-0.8989593018243993,-0.29867945114072364,-0.2014848393963144,-0.5065652709558631,-0.24471682924379487,-0.2918737241546465,-0.2891843331112601,0.0,1.0,0.0,0.0,0.0,0.0,0.0,0.0,0.0,0.0,0.0,0.0,0.0,0.0,0.0,0.0,0.0,0.0,0.0,0.0,0.0,0.0,0.0
1.6289878924884242,0.2866427054534163,0.33562731509533966,1.8946356293263955,-0.29867945114072364,-0.2014848393963144,-0.2817780139544555,2.014486412168489,-0.2918737241546465,-0.2891843331112601,0.0,1.0,1.0,0.0,0.0,0.0,0.0,0.0,0.0,0.0,0.0,0.0,0.0,0.0,0.0,0.0,1.0,0.0,1.0,1.0,0.0,0.0,0.0
0.1254364512535074,-0.3038584835587267,0.6844763123004955,-0.2005605690367006,0.00034844169890144334,0.011391672679275591,-0.581494356622999,-0.24471682924379487,3.5959976306043346,3.0171565421274806,1.0,0.0,0.0,1.0,1.0,0.0,0.0,1.0,0.0,0.0,0.0,0.0,0.0,0.0,0.0,0.0,0.0,0.0,0.0,0.0,0.0,1.0,0.0
0.47240986076925745,-0.3038584835587267,0.33562731509533966,0.4978381637509981,-0.29867945114072364,-0.2014848393963144,-0.4316361852887272,-0.24471682924379487,-0.2918737241546465,-0.2891843331112601,0.0,1.0,0.0,0.0,0.0,0.0,0.0,0.0,0.0,0.0,0.0,0.0,0.0,0.0,0.0,0.0,0.0,0.0,0.0,0.0,0.0,0.0,0.0
-0.799825974121826,-0.8943596725708697,0.33562731509533966,-0.2005605690367006,-0.29867945114072364,-0.2014848393963144,-0.4316361852887272,-0.24471682924379487,-0.2918737241546465,-0.2891843331112601,0.0,1.0,0.0,0.0,0.0,0.0,0.0,0.0,0.0,0.0,0.0,0.0,0.0,0.0,0.0,0.0,0.0,0.0,0.0,0.0,0.0,0.0,0.0
-0.2215369582622426,-0.3038584835587267,0.33562731509533966,0.4978381637509981,-0.29867945114072364,-0.2014848393963144,2.4156690700624353,-0.24471682924379487,-0.2918737241546465,-0.2891843331112601,0.0,1.0,0.0,0.0,0.0,0.0,0.0,0.0,0.0,0.0,0.0,0.0,0.0,0.0,0.0,0.0,0.0,0.0,0.0,0.0,0.0,0.0,0.0
0.9350410734569241,1.4676450834777024,0.33562731509533966,-0.2005605690367006,-0.29867945114072364,-0.2014848393963144,2.4156690700624353,-0.24471682924379487,-0.2918737241546465,-0.2891843331112601,0.0,1.0,0.0,0.0,0.0,0.0,0.0,0.0,0.0,0.0,0.0,0.0,0.0,0.0,0.0,0.0,0.0,0.0,0.0,0.0,0.0,0.0,0.0
0.7037254671130908,0.2866427054534163,0.6844763123004955,0.4978381637509981,-0.29867945114072364,-0.2014848393963144,-0.533539741796032,1.4496856018154178,-0.2918737241546465,-0.2891843331112601,0.0,1.0,1.0,0.0,0.0,0.0,0.0,0.0,0.0,0.0,0.0,0.0,0.0,0.0,0.0,0.0,1.0,0.0,1.0,1.0,1.0,1.0,0.0
1.6289878924884242,0.8771438944655593,-0.3620706793149721,1.8946356293263955,-0.29867945114072364,-0.2014848393963144,3.9142507834051523,-0.24471682924379487,-0.2918737241546465,-0.2891843331112601,0.0,1.0,0.0,0.0,0.0,0.0,0.0,0.0,0.0,0.0,0.0,0.0,0.0,0.0,0.0,0.0,0.0,0.0,0.0,0.0,0.0,0.0,0.0
-0.799825974121826,-0.3038584835587267,-0.013221682109816231,-0.2005605690367006,-0.29867945114072364,-0.2014848393963144,-0.2817780139544555,-0.24471682924379487,-0.2918737241546465,-0.2891843331112601,0.0,1.0,0.0,0.0,0.0,0.0,0.0,0.0,0.0,0.0,0.0,0.0,0.0,0.0,0.0,0.0,0.0,0.0,0.0,0.0,0.0,0.0,0.0
0.35675205759734074,0.2866427054534163,0.6844763123004955,-0.2005605690367006,-0.29867945114072364,-0.2014848393963144,2.115952727393892,-0.24471682924379487,3.5959976306043346,3.0171565421274806,0.0,1.0,0.0,1.0,1.0,0.0,0.0,1.0,0.0,0.0,0.0,0.0,0.0,0.0,0.0,0.0,0.0,0.0,0.0,0.0,0.0,0.0,0.0
-1.146799383637576,-0.8943596725708697,-0.3620706793149721,-0.8989593018243993,-0.29867945114072364,-0.2014848393963144,-0.4316361852887272,-0.24471682924379487,-0.2918737241546465,-0.2891843331112601,0.0,1.0,0.0,0.0,0.0,0.0,0.0,0.0,0.0,0.0,0.0,0.0,0.0,0.0,0.0,0.0,0.0,0.0,0.0,0.0,0.0,0.0,0.0
0.009778648081590747,-0.8943596725708697,3.126419292736587,-0.8989593018243993,-0.29867945114072364,-0.2014848393963144,-0.581494356622999,-0.24471682924379487,-0.2918737241546465,-0.2891843331112601,0.0,0.0,0.0,0.0,0.0,0.0,0.0,0.0,0.0,0.0,0.0,0.0,0.0,0.0,0.0,0.0,0.0,0.0,0.0,0.0,0.0,0.0,0.0
-0.6841681709499093,-0.8943596725708697,1.0333253095056514,-0.8989593018243993,-0.29867945114072364,-0.2014848393963144,-0.581494356622999,-0.24471682924379487,-0.2918737241546465,-0.2891843331112601,0.0,0.0,0.0,0.0,0.0,0.0,0.0,0.0,0.0,0.0,0.0,0.0,0.0,0.0,0.0,0.0,0.0,0.0,0.0,0.0,0.0,0.0,0.0
0.5880676639411742,0.2866427054534163,-0.3620706793149721,-0.2005605690367006,-0.29867945114072364,-0.2014848393963144,0.01793832871408793,-0.24471682924379487,-0.2918737241546465,-0.2891843331112601,0.0,1.0,0.0,0.0,0.0,0.0,0.0,0.0,0.0,0.0,0.0,0.0,0.0,0.0,0.0,0.0,0.0,0.0,0.0,0.0,0.0,0.0,0.0
-1.0311415804656594,-0.3038584835587267,-0.710919676520128,0.4978381637509981,1.353443680307682,1.2503169986118585,-0.2817780139544555,-0.24471682924379487,-0.2918737241546465,-0.2891843331112601,1.0,1.0,0.0,0.0,0.0,0.0,0.0,0.0,0.0,0.0,0.0,0.0,0.0,0.0,0.0,0.0,0.0,0.0,0.0,0.0,0.0,0.0,1.0
1.5133300893165076,-0.3038584835587267,1.3821743067108072,-0.2005605690367006,-0.29867945114072364,-0.2014848393963144,5.113116154079327,4.273689653580772,-0.2918737241546465,-0.2891843331112601,0.0,1.0,1.0,0.0,0.0,0.0,0.0,0.0,0.0,0.0,0.0,0.0,0.0,0.0,0.0,0.0,0.0,0.0,0.0,0.0,0.0,0.0,0.0
0.009778648081590747,-0.3038584835587267,-0.013221682109816231,1.196236896538697,-0.29867945114072364,-0.2014848393963144,0.01793832871408793,-0.24471682924379487,-0.2918737241546465,-0.2891843331112601,0.0,1.0,0.0,0.0,0.0,0.0,0.0,0.0,0.0,0.0,0.0,0.0,0.0,0.0,0.0,0.0,0.0,0.0,0.0,0.0,0.0,0.0,0.0
-0.3371947614341593,-0.3038584835587267,-0.710919676520128,0.4978381637509981,-0.29867945114072364,-0.2014848393963144,0.6173710140511748,-0.24471682924379487,1.652061953224844,3.0171565421274806,0.0,1.0,0.0,1.0,0.0,0.0,0.0,0.0,0.0,0.0,0.0,0.0,0.0,1.0,0.0,0.0,0.0,0.0,0.0,0.0,0.0,0.0,0.0
-1.2624571868094927,-0.3038584835587267,-1.0597686737252838,-0.2005605690367006,-0.29867945114072364,-0.2014848393963144,-0.3836815704617602,-0.24471682924379487,-0.2918737241546465,-0.2891843331112601,0.0,1.0,0.0,0.0,0.0,0.0,0.0,0.0,0.0,0.0,0.0,0.0,0.0,0.0,0.0,0.0,0.0,0.0,0.0,0.0,0.0,0.0,0.0
0.5880676639411742,0.2866427054534163,0.33562731509533966,0.4978381637509981,-0.29867945114072364,-0.2014848393963144,-0.5575170492095154,-0.24471682924379487,-0.2918737241546465,-0.2891843331112601,0.0,1.0,0.0,0.0,0.0,0.0,0.0,0.0,0.0,0.0,0.0,0.0,0.0,0.0,0.0,0.0,0.0,0.0,0.0,0.0,0.0,0.0,0.0
-0.6841681709499093,-0.3038584835587267,-0.3620706793149721,-0.2005605690367006,-0.29867945114072364,-0.2014848393963144,-0.581494356622999,-0.24471682924379487,-0.2918737241546465,-0.2891843331112601,0.0,0.0,0.0,0.0,0.0,0.0,0.0,0.0,0.0,0.0,0.0,0.0,0.0,0.0,0.0,0.0,0.0,0.0,0.0,0.0,0.0,0.0,0.0
0.9350410734569241,-0.3038584835587267,3.4752682899417424,-0.2005605690367006,-0.29867945114072364,-0.2014848393963144,-0.2817780139544555,-0.24471682924379487,-0.2918737241546465,-0.2891843331112601,0.0,1.0,0.0,0.0,0.0,0.0,0.0,0.0,0.0,0.0,0.0,0.0,0.0,0.0,0.0,0.0,0.0,0.0,0.0,0.0,0.0,0.0,0.0
-0.9154837772937426,-0.8943596725708697,-1.4086176709304397,-0.2005605690367006,-0.29867945114072364,-0.2014848393963144,-0.35670709962159136,-0.24471682924379487,-0.2918737241546465,-0.2891843331112601,0.0,1.0,0.0,0.0,0.0,0.0,0.0,0.0,0.0,0.0,0.0,0.0,0.0,0.0,0.0,0.0,0.0,0.0,0.0,0.0,0.0,0.0,0.0
0.009778648081590747,0.2866427054534163,1.0333253095056514,1.196236896538697,-0.29867945114072364,-0.2014848393963144,-0.581494356622999,-0.24471682924379487,-0.2918737241546465,-0.2891843331112601,0.0,0.0,0.0,0.0,0.0,0.0,0.0,0.0,0.0,0.0,0.0,0.0,0.0,0.0,0.0,0.0,0.0,0.0,0.0,0.0,0.0,0.0,0.0
1.1663566798007574,0.2866427054534163,-0.3620706793149721,1.8946356293263955,-0.29867945114072364,-0.2014848393963144,0.6173710140511748,-0.058332561827281464,-0.2918737241546465,-0.2891843331112601,0.0,1.0,1.0,0.0,0.0,0.0,0.0,0.0,0.0,0.0,0.0,0.0,0.0,0.0,0.0,0.0,0.0,0.0,0.0,0.0,0.0,0.0,0.0
0.1254364512535074,-0.8943596725708697,-0.013221682109816231,-0.2005605690367006,-0.29867945114072364,-0.2014848393963144,-0.4316361852887272,-0.24471682924379487,-0.2918737241546465,-0.2891843331112601,0.0,1.0,0.0,0.0,0.0,0.0,0.0,0.0,0.0,0.0,0.0,0.0,0.0,0.0,0.0,0.0,0.0,0.0,0.0,0.0,0.0,0.0,0.0
0.8193832702850075,-0.8943596725708697,3.126419292736587,0.4978381637509981,-0.29867945114072364,-0.2014848393963144,0.01793832871408793,-0.24471682924379487,-0.2918737241546465,-0.2891843331112601,0.0,1.0,0.0,0.0,0.0,0.0,0.0,0.0,0.0,0.0,0.0,0.0,0.0,0.0,0.0,0.0,0.0,0.0,0.0,0.0,0.0,0.0,0.0
-0.9154837772937426,-0.3038584835587267,-1.0597686737252838,-0.2005605690367006,-0.29867945114072364,-0.2014848393963144,-0.4316361852887272,-0.24471682924379487,-0.2918737241546465,-0.2891843331112601,0.0,1.0,0.0,0.0,0.0,0.0,0.0,0.0,0.0,0.0,0.0,0.0,0.0,0.0,0.0,0.0,0.0,0.0,0.0,0.0,0.0,0.0,0.0
0.5880676639411742,0.8771438944655593,0.33562731509533966,0.4978381637509981,-0.29867945114072364,-0.2014848393963144,1.8162363847253484,-0.24471682924379487,-0.2918737241546465,-0.2891843331112601,0.0,1.0,0.0,0.0,0.0,0.0,0.0,0.0,0.0,0.0,0.0,0.0,0.0,0.0,0.0,0.0,0.0,0.0,0.0,0.0,0.0,0.0,0.0
-0.799825974121826,0.8771438944655593,-1.0597686737252838,-0.8989593018243993,-0.29867945114072364,-0.2014848393963144,-0.581494356622999,-0.24471682924379487,-0.2918737241546465,-0.2891843331112601,0.0,0.0,0.0,0.0,0.0,0.0,0.0,0.0,0.0,0.0,0.0,0.0,0.0,0.0,0.0,0.0,0.0,0.0,0.0,0.0,0.0,1.0,0.0
-1.2624571868094927,-0.3038584835587267,-0.3620706793149721,-0.8989593018243993,-0.29867945114072364,-0.2014848393963144,-0.5575170492095154,-0.24471682924379487,-0.2918737241546465,-0.2891843331112601,0.0,1.0,0.0,0.0,0.0,0.0,0.0,0.0,0.0,0.0,0.0,0.0,0.0,0.0,0.0,0.0,0.0,0.0,0.0,0.0,0.0,0.0,0.0
0.2410942544254241,-0.3038584835587267,-0.013221682109816231,-0.2005605690367006,-0.29867945114072364,-0.2014848393963144,0.9170873567197182,-0.24471682924379487,-0.2918737241546465,-0.2891843331112601,0.0,1.0,0.0,0.0,0.0,0.0,0.0,0.0,0.0,0.0,0.0,0.0,0.0,0.0,0.0,0.0,0.0,0.0,0.0,0.0,0.0,0.0,0.0
-1.146799383637576,-0.3038584835587267,-1.4086176709304397,-0.2005605690367006,-0.29867945114072364,-0.2014848393963144,-0.581494356622999,-0.24471682924379487,-0.2918737241546465,-0.2891843331112601,0.0,0.0,0.0,0.0,0.0,0.0,0.0,0.0,0.0,0.0,0.0,0.0,0.0,0.0,0.0,0.0,0.0,0.0,0.0,0.0,0.0,0.0,0.0
0.8193832702850075,0.2866427054534163,0.33562731509533966,-1.597358034612098,-0.29867945114072364,-0.2014848393963144,-0.581494356622999,-0.24471682924379487,-0.2918737241546465,-0.2891843331112601,0.0,0.0,0.0,0.0,0.0,0.0,0.0,0.0,0.0,0.0,0.0,0.0,0.0,0.0,0.0,0.0,0.0,0.0,0.0,0.0,0.0,0.0,0.0
-0.2215369582622426,1.4676450834777024,-0.3620706793149721,-0.8989593018243993,-0.29867945114072364,-0.2014848393963144,-0.581494356622999,-0.24471682924379487,-0.2918737241546465,-0.2891843331112601,0.0,0.0,0.0,0.0,0.0,0.0,0.0,0.0,0.0,0.0,0.0,0.0,0.0,0.0,0.0,0.0,0.0,0.0,0.0,0.0,0.0,0.0,0.0
-1.2624571868094927,0.2866427054534163,-1.0597686737252838,-0.8989593018243993,-0.29867945114072364,-0.2014848393963144,-0.4316361852887272,-0.24471682924379487,-0.2918737241546465,-0.2891843331112601,0.0,1.0,0.0,0.0,0.0,0.0,0.0,0.0,0.0,0.0,0.0,0.0,0.0,0.0,0.0,0.0,0.0,0.0,0.0,0.0,0.0,0.0,1.0
-0.5685103677779926,0.2866427054534163,-0.3620706793149721,0.4978381637509981,-0.29867945114072364,-0.2014848393963144,-0.2817780139544555,-0.24471682924379487,-0.2918737241546465,-0.2891843331112601,0.0,1.0,0.0,0.0,0.0,0.0,0.0,0.0,0.0,0.0,0.0,0.0,0.0,0.0,0.0,0.0,0.0,0.0,0.0,0.0,0.0,0.0,0.0
0.1254364512535074,0.8771438944655593,-0.3620706793149721,-0.2005605690367006,2.297514041135342,0.9392166047529643,1.2168036993882616,-0.24471682924379487,-0.2918737241546465,-0.2891843331112601,1.0,1.0,0.0,0.0,0.0,0.0,0.0,0.0,0.0,0.0,0.0,0.0,0.0,0.0,0.0,0.0,0.0,0.0,0.0,0.0,0.0,0.0,0.0
0.2410942544254241,0.8771438944655593,-2.4551646625459074,1.8946356293263955,-0.29867945114072364,-0.2014848393963144,-0.581494356622999,-0.24471682924379487,1.652061953224844,3.0171565421274806,0.0,0.0,0.0,1.0,0.0,0.0,0.0,0.0,1.0,0.0,0.0,0.0,0.0,0.0,0.0,0.0,0.0,0.0,0.0,0.0,0.0,0.0,0.0
-0.4528525646060759,-0.3038584835587267,-0.710919676520128,-0.2005605690367006,-0.29867945114072364,-0.2014848393963144,-0.2817780139544555,0.32008398110927605,3.5959976306043346,3.0171565421274806,0.0,1.0,1.0,1.0,1.0,0.0,1.0,0.0,0.0,0.0,0.0,0.0,0.0,0.0,0.0,0.0,0.0,0.0,0.0,0.0,0.0,0.0,0.0
6.023984413021258,-0.3038584835587267,-0.3620706793149721,1.8946356293263955,-0.29867945114072364,-0.2014848393963144,-0.581494356622999,-0.24471682924379487,-0.2918737241546465,-0.2891843331112601,0.0,0.0,0.0,0.0,0.0,0.0,0.0,0.0,0.0,0.0,0.0,0.0,0.0,0.0,0.0,0.0,0.0,0.0,0.0,0.0,0.0,0.0,0.0
4.983064184474007,-0.8943596725708697,-0.3620706793149721,5.386629293264889,-0.29867945114072364,-0.2014848393963144,-0.581494356622999,1.4496856018154178,-0.2918737241546465,-0.2891843331112601,0.0,0.0,1.0,0.0,0.0,0.0,0.0,0.0,0.0,0.0,0.0,0.0,0.0,0.0,0.0,0.0,0.0,0.0,0.0,0.0,0.0,0.0,0.0
1.5133300893165076,-0.8943596725708697,1.0333253095056514,-0.2005605690367006,-0.29867945114072364,-0.2014848393963144,3.9142507834051523,-0.24471682924379487,-0.2918737241546465,-0.2891843331112601,0.0,1.0,0.0,0.0,0.0,0.0,0.0,0.0,0.0,0.0,0.0,0.0,0.0,0.0,0.0,0.0,1.0,0.0,1.0,0.0,1.0,1.0,0.0
0.9350410734569241,0.2866427054534163,-0.013221682109816231,1.196236896538697,-0.29867945114072364,-0.2014848393963144,1.516520042056805,-0.19953276441554918,3.5959976306043346,3.0171565421274806,0.0,1.0,1.0,1.0,1.0,0.0,0.0,1.0,0.0,0.0,0.0,0.0,0.0,0.0,0.0,0.0,0.0,0.0,0.0,0.0,0.0,0.0,0.0
0.7037254671130908,-0.3038584835587267,1.3821743067108072,-1.597358034612098,-0.29867945114072364,-0.2014848393963144,-0.581494356622999,-0.24471682924379487,-0.2918737241546465,-0.2891843331112601,0.0,0.0,0.0,0.0,0.0,0.0,0.0,0.0,0.0,0.0,0.0,0.0,0.0,0.0,0.0,0.0,0.0,0.0,0.0,0.0,0.0,0.0,0.0
-0.10587915509032593,-0.3038584835587267,0.33562731509533966,-0.2005605690367006,-0.29867945114072364,-0.2014848393963144,0.01793832871408793,-0.19953276441554918,-0.2918737241546465,-0.2891843331112601,0.0,1.0,1.0,0.0,0.0,0.0,0.0,0.0,0.0,0.0,0.0,0.0,0.0,0.0,0.0,0.0,0.0,0.0,0.0,0.0,0.0,0.0,0.0
-1.3781149899814094,-0.8943596725708697,-0.710919676520128,-0.8989593018243993,-0.29867945114072364,-0.2014848393963144,-0.4316361852887272,-0.24471682924379487,-0.2918737241546465,-0.2891843331112601,0.0,1.0,0.0,0.0,0.0,0.0,0.0,0.0,0.0,0.0,0.0,0.0,0.0,0.0,0.0,0.0,0.0,0.0,0.0,0.0,0.0,0.0,0.0
-0.10587915509032593,2.648647461501988,-0.013221682109816231,-0.2005605690367006,-0.29867945114072364,-0.2014848393963144,-0.581494356622999,-0.24471682924379487,-0.2918737241546465,-0.2891843331112601,0.0,0.0,0.0,0.0,0.0,0.0,0.0,0.0,0.0,0.0,0.0,0.0,0.0,0.0,0.0,0.0,0.0,0.0,0.0,0.0,0.0,0.0,0.0
0.9350410734569241,0.8771438944655593,0.33562731509533966,-0.2005605690367006,-0.29867945114072364,-0.2014848393963144,0.01793832871408793,-0.24471682924379487,-0.2918737241546465,-0.2891843331112601,0.0,1.0,0.0,0.0,0.0,0.0,0.0,0.0,0.0,0.0,0.0,0.0,0.0,0.0,0.0,0.0,0.0,0.0,0.0,0.0,0.0,0.0,0.0
0.35675205759734074,-0.3038584835587267,-0.013221682109816231,-0.2005605690367006,-0.29867945114072364,-0.2014848393963144,1.2168036993882616,-0.24471682924379487,-0.2918737241546465,-0.2891843331112601,0.0,1.0,0.0,0.0,0.0,0.0,0.0,0.0,0.0,0.0,0.0,0.0,0.0,0.0,0.0,0.0,0.0,0.0,0.0,0.0,0.0,0.0,0.0
-0.6841681709499093,-0.8943596725708697,-1.0597686737252838,-0.2005605690367006,-0.29867945114072364,-0.2014848393963144,0.6173710140511748,-0.24471682924379487,-0.2918737241546465,-0.2891843331112601,0.0,1.0,0.0,0.0,0.0,0.0,0.0,0.0,0.0,0.0,0.0,0.0,0.0,0.0,0.0,0.0,0.0,0.0,0.0,0.0,0.0,0.0,0.0
-0.3371947614341593,0.8771438944655593,0.33562731509533966,1.196236896538697,-0.29867945114072364,-0.2014848393963144,0.6173710140511748,-0.24471682924379487,-0.2918737241546465,-0.2891843331112601,0.0,1.0,0.0,0.0,0.0,0.0,0.0,0.0,0.0,0.0,0.0,0.0,0.0,0.0,0.0,0.0,0.0,0.0,0.0,0.0,0.0,0.0,0.0
0.5880676639411742,-0.3038584835587267,-0.013221682109816231,1.8946356293263955,-0.29867945114072364,-0.2014848393963144,-0.4825879635423796,-0.24471682924379487,-0.2918737241546465,-0.2891843331112601,0.0,1.0,0.0,0.0,0.0,0.0,0.0,0.0,0.0,0.0,0.0,0.0,0.0,0.0,0.0,0.0,0.0,0.0,0.0,0.0,0.0,0.0,0.0
0.5880676639411742,-0.8943596725708697,1.7310233039159633,-0.2005605690367006,-0.29867945114072364,-0.2014848393963144,1.516520042056805,-0.24471682924379487,-0.2918737241546465,-0.2891843331112601,0.0,1.0,0.0,0.0,0.0,0.0,0.0,0.0,0.0,0.0,0.0,0.0,0.0,0.0,0.0,0.0,0.0,0.0,0.0,0.0,0.0,0.0,0.0
1.8603034988322575,0.8771438944655593,-0.3620706793149721,0.4978381637509981,6.309813074652898,2.7021188366200315,-0.581494356622999,0.8848847914623469,-0.2918737241546465,-0.2891843331112601,1.0,0.0,1.0,0.0,0.0,0.0,0.0,0.0,0.0,0.0,0.0,0.0,0.0,0.0,0.0,0.0,0.0,0.0,0.0,0.0,0.0,0.0,0.0
0.9350410734569241,0.2866427054534163,-1.0597686737252838,2.593034362114094,3.2415844019630025,1.0429167360392624,1.8162363847253484,-0.24471682924379487,-0.2918737241546465,-0.2891843331112601,1.0,1.0,0.0,0.0,0.0,0.0,0.0,0.0,0.0,0.0,0.0,0.0,0.0,0.0,0.0,0.0,0.0,0.0,0.0,0.0,0.0,0.0,0.0
0.7037254671130908,-0.8943596725708697,5.219513275967522,-0.2005605690367006,-0.29867945114072364,-0.2014848393963144,-0.581494356622999,-0.24471682924379487,-0.2918737241546465,-0.2891843331112601,0.0,0.0,0.0,0.0,0.0,0.0,0.0,0.0,0.0,0.0,0.0,0.0,0.0,0.0,0.0,0.0,0.0,0.0,0.0,0.0,0.0,0.0,0.0
-0.5685103677779926,-0.3038584835587267,0.33562731509533966,-0.2005605690367006,-0.29867945114072364,-0.2014848393963144,0.31765467138263137,-0.24471682924379487,-0.2918737241546465,-0.2891843331112601,0.0,1.0,0.0,0.0,0.0,0.0,0.0,0.0,0.0,0.0,0.0,0.0,0.0,0.0,0.0,0.0,0.0,0.0,0.0,0.0,0.0,0.0,0.0
0.7037254671130908,0.2866427054534163,-0.013221682109816231,0.4978381637509981,-0.29867945114072364,-0.2014848393963144,-0.4316361852887272,-0.24471682924379487,-0.2918737241546465,-0.2891843331112601,0.0,1.0,0.0,0.0,0.0,0.0,0.0,0.0,0.0,0.0,0.0,0.0,0.0,0.0,0.0,0.0,0.0,0.0,0.0,0.0,0.0,0.0,0.0
-0.2215369582622426,1.4676450834777024,-0.710919676520128,1.196236896538697,-0.29867945114072364,-0.2014848393963144,0.31765467138263137,0.8848847914623469,-0.2918737241546465,-0.2891843331112601,0.0,1.0,1.0,0.0,0.0,0.0,0.0,0.0,0.0,0.0,0.0,0.0,0.0,0.0,0.0,0.0,0.0,0.0,0.0,0.0,0.0,0.0,0.0
1.744645695660341,-0.3038584835587267,1.0333253095056514,-0.2005605690367006,-0.29867945114072364,-0.2014848393963144,1.516520042056805,3.14408803287463,3.5959976306043346,-0.2891843331112601,0.0,1.0,1.0,1.0,1.0,0.0,0.0,1.0,0.0,0.0,0.0,0.0,0.0,0.0,0.0,0.0,0.0,0.0,0.0,0.0,0.0,0.0,0.0
-1.3781149899814094,-0.8943596725708697,-0.710919676520128,-0.8989593018243993,-0.29867945114072364,-0.2014848393963144,-0.4316361852887272,-0.24471682924379487,-0.2918737241546465,-0.2891843331112601,0.0,1.0,0.0,0.0,0.0,0.0,0.0,0.0,0.0,0.0,0.0,0.0,0.0,0.0,0.0,0.0,0.0,0.0,0.0,0.0,0.0,0.0,0.0
0.35675205759734074,0.2866427054534163,0.6844763123004955,-0.2005605690367006,-0.29867945114072364,-0.2014848393963144,0.9170873567197182,2.5792872225215593,1.652061953224844,3.0171565421274806,0.0,1.0,1.0,1.0,0.0,0.0,0.0,0.0,0.0,0.0,0.0,0.0,0.0,1.0,0.0,0.0,0.0,0.0,0.0,0.0,0.0,0.0,0.0
0.35675205759734074,-0.3038584835587267,-1.0597686737252838,0.4978381637509981,-0.29867945114072364,-0.2014848393963144,-0.4316361852887272,6.532892894993056,-0.2918737241546465,-0.2891843331112601,0.0,1.0,1.0,0.0,0.0,0.0,0.0,0.0,0.0,0.0,0.0,0.0,0.0,0.0,0.0,0.0,0.0,0.0,0.0,0.0,0.0,0.0,0.0
-0.3371947614341593,-0.8943596725708697,-0.3620706793149721,0.4978381637509981,-0.29867945114072364,-0.2014848393963144,-0.5065652709558631,-0.24471682924379487,-0.2918737241546465,-0.2891843331112601,0.0,1.0,0.0,0.0,0.0,0.0,0.0,0.0,0.0,0.0,0.0,0.0,0.0,0.0,0.0,0.0,0.0,0.0,0.0,0.0,0.0,0.0,0.0
-0.3371947614341593,-0.3038584835587267,0.33562731509533966,-0.2005605690367006,-0.29867945114072364,-0.2014848393963144,-0.4316361852887272,-0.24471682924379487,-0.2918737241546465,-0.2891843331112601,0.0,1.0,0.0,0.0,0.0,0.0,0.0,0.0,0.0,0.0,0.0,0.0,0.0,0.0,0.0,0.0,0.0,0.0,0.0,0.0,0.0,0.0,0.0
-0.9154837772937426,0.2866427054534163,-0.710919676520128,-0.2005605690367006,-0.29867945114072364,-0.2014848393963144,-0.581494356622999,-0.24471682924379487,-0.2918737241546465,-0.2891843331112601,0.0,0.0,0.0,0.0,0.0,0.0,0.0,0.0,0.0,0.0,0.0,0.0,0.0,0.0,0.0,0.0,0.0,0.0,0.0,0.0,0.0,0.0,0.0
-0.6841681709499093,1.4676450834777024,-1.0597686737252838,-0.2005605690367006,0.1733557292731065,0.21331568574887785,-0.581494356622999,-0.24471682924379487,1.652061953224844,3.0171565421274806,1.0,0.0,0.0,1.0,0.0,0.0,0.0,0.0,1.0,0.0,0.0,0.0,0.0,0.0,0.0,0.0,0.0,0.0,0.0,0.0,0.0,0.0,0.0
-1.146799383637576,0.2866427054534163,-1.4086176709304397,-0.8989593018243993,0.1733557292731065,0.21331568574887785,-0.581494356622999,-0.24471682924379487,-0.2918737241546465,-0.2891843331112601,1.0,0.0,0.0,0.0,0.0,0.0,0.0,0.0,0.0,0.0,0.0,0.0,0.0,0.0,0.0,0.0,0.0,0.0,0.0,0.0,0.0,0.0,0.0
-0.2215369582622426,7.372656973599132,-0.3620706793149721,-0.2005605690367006,-0.29867945114072364,-0.2014848393963144,-0.581494356622999,-0.24471682924379487,3.5959976306043346,3.0171565421274806,0.0,0.0,0.0,1.0,1.0,0.0,0.0,1.0,0.0,0.0,0.0,0.0,0.0,0.0,0.0,0.0,0.0,0.0,0.0,0.0,0.0,0.0,0.0
-1.493772793153326,1.4676450834777024,-0.3620706793149721,-0.2005605690367006,-0.29867945114072364,-0.2014848393963144,-0.5575170492095154,-0.24471682924379487,-0.2918737241546465,-0.2891843331112601,0.0,1.0,0.0,0.0,0.0,0.0,0.0,0.0,0.0,0.0,0.0,0.0,0.0,0.0,0.0,0.0,0.0,0.0,0.0,0.0,0.0,0.0,0.0
-0.2215369582622426,0.2866427054534163,-0.013221682109816231,1.196236896538697,-0.29867945114072364,-0.2014848393963144,-0.5065652709558631,-0.24471682924379487,-0.2918737241546465,-0.2891843331112601,0.0,1.0,0.0,0.0,0.0,0.0,0.0,0.0,0.0,0.0,0.0,0.0,0.0,0.0,0.0,0.0,0.0,0.0,0.0,0.0,0.0,0.0,0.0
-1.146799383637576,-0.3038584835587267,-1.0597686737252838,-0.8989593018243993,-0.29867945114072364,-0.2014848393963144,-0.581494356622999,-0.24471682924379487,-0.2918737241546465,-0.2891843331112601,0.0,0.0,0.0,0.0,0.0,0.0,0.0,0.0,0.0,0.0,0.0,0.0,0.0,0.0,0.0,0.0,0.0,0.0,0.0,0.0,0.0,0.0,0.0
0.2410942544254241,-0.8943596725708697,0.6844763123004955,-0.2005605690367006,-0.29867945114072364,-0.2014848393963144,0.9170873567197182,-0.24471682924379487,-0.2918737241546465,-0.2891843331112601,0.0,1.0,0.0,0.0,0.0,0.0,0.0,0.0,0.0,0.0,0.0,0.0,0.0,0.0,0.0,0.0,0.0,0.0,0.0,0.0,0.0,0.0,0.0
0.7037254671130908,0.8771438944655593,-0.013221682109816231,-1.597358034612098,-0.29867945114072364,-0.2014848393963144,-0.35670709962159136,-0.24471682924379487,1.652061953224844,3.0171565421274806,0.0,1.0,0.0,1.0,0.0,0.0,0.0,0.0,0.0,1.0,0.0,0.0,0.0,0.0,0.0,0.0,0.0,0.0,0.0,0.0,0.0,0.0,0.0
-1.493772793153326,-0.3038584835587267,-1.0597686737252838,-0.8989593018243993,-0.29867945114072364,-0.2014848393963144,-0.581494356622999,-0.24471682924379487,-0.2918737241546465,-0.2891843331112601,0.0,0.0,0.0,0.0,0.0,0.0,0.0,0.0,0.0,0.0,0.0,0.0,0.0,0.0,0.0,0.0,0.0,0.0,0.0,0.0,0.0,0.0,0.0
0.9350410734569241,1.4676450834777024,-0.710919676520128,1.196236896538697,-0.29867945114072364,-0.2014848393963144,-0.581494356622999,-0.24471682924379487,-0.2918737241546465,-0.2891843331112601,0.0,0.0,0.0,0.0,0.0,0.0,0.0,0.0,0.0,0.0,0.0,0.0,0.0,0.0,0.0,0.0,0.0,0.0,0.0,0.0,0.0,0.0,0.0
0.1254364512535074,2.058146272489845,-0.013221682109816231,1.196236896538697,-0.29867945114072364,-0.2014848393963144,-0.581494356622999,-0.24471682924379487,-0.2918737241546465,-0.2891843331112601,0.0,0.0,0.0,0.0,0.0,0.0,0.0,0.0,0.0,0.0,0.0,0.0,0.0,0.0,0.0,0.0,0.0,0.0,0.0,0.0,0.0,0.0,0.0
-1.0311415804656594,0.2866427054534163,-0.013221682109816231,-0.8989593018243993,1.1174260901007669,0.2962757907779163,-0.581494356622999,-0.24471682924379487,-0.2918737241546465,-0.2891843331112601,1.0,0.0,0.0,0.0,0.0,0.0,0.0,0.0,0.0,0.0,0.0,0.0,0.0,0.0,0.0,0.0,0.0,0.0,0.0,0.0,0.0,0.0,0.0
1.282014482972674,-0.8943596725708697,2.428721298326275,0.4978381637509981,-0.29867945114072364,-0.2014848393963144,1.3666618707225333,-0.24471682924379487,-0.2918737241546465,-0.2891843331112601,0.0,1.0,0.0,0.0,0.0,0.0,0.0,0.0,0.0,0.0,0.0,0.0,0.0,0.0,0.0,0.0,0.0,0.0,0.0,0.0,0.0,0.0,0.0
-0.9154837772937426,0.2866427054534163,-0.3620706793149721,-0.8989593018243993,-0.29867945114072364,-0.2014848393963144,-0.4316361852887272,-0.24471682924379487,-0.2918737241546465,-0.2891843331112601,0.0,1.0,0.0,0.0,0.0,0.0,0.0,0.0,0.0,0.0,0.0,0.0,0.0,0.0,0.0,0.0,0.0,0.0,0.0,0.0,0.0,0.0,0.0
-0.3371947614341593,-0.3038584835587267,-0.013221682109816231,-0.2005605690367006,-0.29867945114072364,-0.2014848393963144,-0.4316361852887272,-0.24471682924379487,-0.2918737241546465,-0.2891843331112601,0.0,1.0,0.0,0.0,0.0,0.0,0.0,0.0,0.0,0.0,0.0,0.0,0.0,0.0,0.0,0.0,0.0,0.0,0.0,0.0,0.0,0.0,0.0
-0.2215369582622426,-0.3038584835587267,0.33562731509533966,-0.2005605690367006,-0.29867945114072364,-0.2014848393963144,-0.5065652709558631,-0.24471682924379487,-0.2918737241546465,-0.2891843331112601,0.0,1.0,0.0,0.0,0.0,0.0,0.0,0.0,0.0,0.0,0.0,0.0,0.0,0.0,0.0,0.0,0.0,0.0,0.0,0.0,0.0,0.0,0.0
-1.0311415804656594,-0.3038584835587267,-0.3620706793149721,-0.8989593018243993,-0.29867945114072364,-0.2014848393963144,-0.2817780139544555,-0.24471682924379487,-0.2918737241546465,-0.2891843331112601,0.0,1.0,0.0,0.0,0.0,0.0,0.0,0.0,0.0,0.0,0.0,0.0,0.0,0.0,0.0,0.0,0.0,0.0,0.0,0.0,0.0,0.0,0.0
0.8193832702850075,-0.3038584835587267,-0.3620706793149721,0.4978381637509981,-0.29867945114072364,-0.2014848393963144,-0.4316361852887272,-0.24471682924379487,-0.2918737241546465,-0.2891843331112601,0.0,1.0,0.0,0.0,0.0,0.0,0.0,0.0,0.0,0.0,0.0,0.0,0.0,0.0,0.0,0.0,0.0,0.0,0.0,0.0,0.0,0.0,0.0
1.9759613020041742,0.2866427054534163,0.6844763123004955,-0.8989593018243993,-0.29867945114072364,-0.2014848393963144,-0.581494356622999,-0.24471682924379487,-0.2918737241546465,-0.2891843331112601,0.0,0.0,0.0,0.0,0.0,0.0,0.0,0.0,0.0,0.0,0.0,0.0,0.0,0.0,0.0,0.0,0.0,0.0,0.0,0.0,0.0,0.0,0.0
-1.0311415804656594,0.2866427054534163,-0.013221682109816231,-0.8989593018243993,-0.29867945114072364,-0.2014848393963144,-0.581494356622999,-0.24471682924379487,-0.2918737241546465,-0.2891843331112601,0.0,0.0,0.0,0.0,0.0,0.0,0.0,0.0,0.0,0.0,0.0,0.0,0.0,0.0,0.0,0.0,0.0,0.0,0.0,0.0,0.0,0.0,0.0
1.9759613020041742,-0.3038584835587267,2.7775702955314308,-0.2005605690367006,-0.29867945114072364,-0.2014848393963144,0.9170873567197182,-0.24471682924379487,-0.2918737241546465,-0.2891843331112601,0.0,1.0,0.0,0.0,0.0,0.0,0.0,0.0,0.0,0.0,0.0,0.0,0.0,0.0,0.0,0.0,0.0,0.0,0.0,0.0,0.0,0.0,0.0
0.2410942544254241,-0.3038584835587267,0.33562731509533966,1.196236896538697,-0.29867945114072364,-0.2014848393963144,-0.581494356622999,-0.24471682924379487,-0.2918737241546465,-0.2891843331112601,0.0,0.0,0.0,0.0,0.0,0.0,0.0,0.0,0.0,0.0,0.0,0.0,0.0,0.0,0.0,0.0,1.0,0.0,1.0,1.0,0.0,1.0,1.0
1.282014482972674,-0.3038584835587267,0.6844763123004955,1.8946356293263955,-0.29867945114072364,-0.2014848393963144,8.409995923433305,-0.24471682924379487,-0.2918737241546465,-0.2891843331112601,0.0,1.0,0.0,0.0,0.0,0.0,0.0,0.0,0.0,0.0,0.0,0.0,0.0,0.0,0.0,0.0,0.0,0.0,0.0,0.0,0.0,0.0,1.0
0.1254364512535074,-0.3038584835587267,0.33562731509533966,-0.2005605690367006,-0.29867945114072364,-0.2014848393963144,1.2168036993882616,-0.24471682924379487,-0.2918737241546465,-0.2891843331112601,0.0,1.0,0.0,0.0,0.0,0.0,0.0,0.0,0.0,0.0,0.0,0.0,0.0,0.0,0.0,0.0,0.0,0.0,0.0,0.0,0.0,0.0,0.0
-0.799825974121826,-0.3038584835587267,-0.013221682109816231,-0.8989593018243993,-0.29867945114072364,-0.2014848393963144,-0.5575170492095154,-0.24471682924379487,-0.2918737241546465,-0.2891843331112601,0.0,1.0,0.0,0.0,0.0,0.0,0.0,0.0,0.0,0.0,0.0,0.0,0.0,0.0,0.0,0.0,0.0,0.0,0.0,0.0,0.0,0.0,0.0
-1.3781149899814094,0.2866427054534163,-1.0597686737252838,-0.8989593018243993,0.00034844169890144334,0.011391672679275591,-0.4316361852887272,-0.24471682924379487,-0.2918737241546465,-0.2891843331112601,1.0,1.0,0.0,0.0,0.0,0.0,0.0,0.0,0.0,0.0,0.0,0.0,0.0,0.0,0.0,0.0,0.0,0.0,0.0,0.0,0.0,0.0,1.0
1.0506988766288408,0.2866427054534163,-0.3620706793149721,0.4978381637509981,1.1174260901007669,-0.07704468185275673,0.01793832871408793,-0.24471682924379487,-0.2918737241546465,-0.2891843331112601,1.0,1.0,0.0,0.0,0.0,0.0,0.0,0.0,0.0,0.0,0.0,0.0,0.0,0.0,0.0,0.0,0.0,0.0,0.0,0.0,0.0,0.0,0.0
-0.799825974121826,-0.3038584835587267,-2.1063156653407513,0.4978381637509981,-0.29867945114072364,-0.2014848393963144,-0.4556134927022107,-0.24471682924379487,-0.2918737241546465,-0.2891843331112601,0.0,1.0,0.0,0.0,0.0,0.0,0.0,0.0,0.0,0.0,0.0,0.0,0.0,0.0,0.0,0.0,0.0,0.0,0.0,0.0,0.0,0.0,0.0
0.35675205759734074,0.8771438944655593,-0.3620706793149721,-0.2005605690367006,-0.29867945114072364,-0.2014848393963144,3.3148180980680655,-0.24471682924379487,-0.2918737241546465,-0.2891843331112601,0.0,1.0,0.0,0.0,0.0,0.0,0.0,0.0,0.0,0.0,0.0,0.0,0.0,0.0,0.0,0.0,0.0,0.0,0.0,0.0,0.0,0.0,0.0
6.602273428880841,0.2866427054534163,1.0333253095056514,6.085028026052588,5.365742713825238,0.011391672679275591,-0.581494356622999,-0.24471682924379487,-0.2918737241546465,-0.2891843331112601,1.0,0.0,0.0,0.0,0.0,0.0,0.0,0.0,0.0,0.0,0.0,0.0,0.0,0.0,0.0,0.0,0.0,0.0,0.0,0.0,0.0,1.0,0.0
0.35675205759734074,0.2866427054534163,-0.3620706793149721,0.4978381637509981,-0.29867945114072364,-0.2014848393963144,-0.4316361852887272,-0.24471682924379487,-0.2918737241546465,-0.2891843331112601,0.0,1.0,0.0,0.0,0.0,0.0,0.0,0.0,0.0,0.0,0.0,0.0,0.0,0.0,0.0,0.0,0.0,0.0,0.0,0.0,0.0,0.0,0.0
1.1663566798007574,-0.3038584835587267,-0.013221682109816231,1.8946356293263955,-0.29867945114072364,-0.2014848393963144,-0.581494356622999,-0.24471682924379487,-0.2918737241546465,-0.2891843331112601,0.0,0.0,0.0,0.0,0.0,0.0,0.0,0.0,0.0,0.0,0.0,0.0,0.0,0.0,0.0,0.0,0.0,0.0,0.0,0.0,0.0,0.0,0.0
-0.2215369582622426,-0.3038584835587267,0.33562731509533966,-0.2005605690367006,-0.29867945114072364,-0.2014848393963144,1.516520042056805,-0.24471682924379487,-0.2918737241546465,-0.2891843331112601,0.0,1.0,0.0,0.0,0.0,0.0,0.0,0.0,0.0,0.0,0.0,0.0,0.0,0.0,0.0,0.0,0.0,0.0,0.0,0.0,0.0,0.0,0.0
-0.2215369582622426,0.8771438944655593,-0.710919676520128,0.4978381637509981,1.353443680307682,0.08887552820532015,-0.581494356622999,-0.24471682924379487,3.5959976306043346,3.0171565421274806,1.0,0.0,0.0,1.0,1.0,0.0,0.0,1.0,0.0,0.0,0.0,0.0,0.0,0.0,0.0,0.0,0.0,0.0,0.0,0.0,0.0,1.0,0.0
0.8193832702850075,0.2866427054534163,-0.013221682109816231,-0.8989593018243993,1.825478860721512,1.6651175237570508,-0.4316361852887272,-0.24471682924379487,-0.2918737241546465,-0.2891843331112601,1.0,1.0,0.0,0.0,0.0,0.0,0.0,0.0,0.0,0.0,0.0,0.0,0.0,0.0,0.0,0.0,0.0,0.0,0.0,0.0,0.0,0.0,0.0
-0.2215369582622426,-0.3038584835587267,-0.3620706793149721,-0.2005605690367006,1.589461270514597,-0.13511675537308365,0.31765467138263137,-0.24471682924379487,-0.2918737241546465,-0.2891843331112601,1.0,1.0,0.0,0.0,0.0,0.0,0.0,0.0,0.0,0.0,0.0,0.0,0.0,0.0,0.0,0.0,0.0,0.0,0.0,0.0,0.0,0.0,0.0
-0.2215369582622426,2.648647461501988,-1.0597686737252838,0.4978381637509981,-0.29867945114072364,-0.2014848393963144,0.01793832871408793,-0.24471682924379487,-0.2918737241546465,-0.2891843331112601,0.0,1.0,0.0,0.0,0.0,0.0,0.0,0.0,0.0,0.0,0.0,0.0,0.0,0.0,0.0,0.0,0.0,0.0,0.0,0.0,0.0,0.0,0.0
0.1254364512535074,0.2866427054534163,-0.710919676520128,1.8946356293263955,2.533531631342257,4.776121462345992,-0.581494356622999,-0.24471682924379487,-0.2918737241546465,-0.2891843331112601,1.0,0.0,0.0,0.0,0.0,0.0,0.0,0.0,0.0,0.0,0.0,0.0,0.0,0.0,0.0,0.0,0.0,0.0,0.0,0.0,0.0,0.0,0.0
-0.4528525646060759,0.2866427054534163,-0.013221682109816231,-0.2005605690367006,-0.29867945114072364,-0.2014848393963144,-0.581494356622999,-0.24471682924379487,-0.2918737241546465,-0.2891843331112601,0.0,0.0,0.0,0.0,0.0,0.0,0.0,0.0,0.0,0.0,0.0,0.0,0.0,0.0,0.0,0.0,0.0,0.0,0.0,0.0,0.0,0.0,0.0
0.7037254671130908,0.8771438944655593,0.33562731509533966,-0.2005605690367006,3.005566811756087,1.2503169986118585,-0.5575170492095154,-0.24471682924379487,-0.2918737241546465,-0.2891843331112601,1.0,1.0,0.0,0.0,0.0,0.0,0.0,0.0,0.0,0.0,0.0,0.0,0.0,0.0,0.0,0.0,0.0,0.0,0.0,0.0,0.0,0.0,0.0
-0.10587915509032593,-0.8943596725708697,0.6844763123004955,0.4978381637509981,-0.29867945114072364,-0.2014848393963144,-0.2817780139544555,-0.24471682924379487,-0.2918737241546465,-0.2891843331112601,0.0,1.0,0.0,0.0,0.0,0.0,0.0,0.0,0.0,0.0,0.0,0.0,0.0,0.0,0.0,0.0,0.0,0.0,0.0,0.0,0.0,0.0,0.0
1.0506988766288408,2.058146272489845,-0.710919676520128,1.196236896538697,3.4776019921699173,0.46219600083599327,0.9170873567197182,-0.24471682924379487,-0.2918737241546465,-0.2891843331112601,1.0,1.0,0.0,0.0,0.0,0.0,0.0,0.0,0.0,0.0,0.0,0.0,0.0,0.0,0.0,0.0,0.0,0.0,0.0,0.0,0.0,0.0,0.0
-0.10587915509032593,-0.3038584835587267,1.3821743067108072,-0.2005605690367006,-0.29867945114072364,-0.2014848393963144,0.01793832871408793,-0.24471682924379487,-0.2918737241546465,-0.2891843331112601,0.0,1.0,0.0,0.0,0.0,0.0,0.0,0.0,0.0,0.0,0.0,0.0,0.0,0.0,0.0,0.0,0.0,0.0,0.0,0.0,0.0,0.0,0.0
-0.799825974121826,-0.8943596725708697,-0.710919676520128,-0.8989593018243993,0.1733557292731065,-0.11852473436727595,-0.4316361852887272,-0.24471682924379487,-0.2918737241546465,-0.2891843331112601,1.0,1.0,0.0,0.0,0.0,0.0,0.0,0.0,0.0,0.0,0.0,0.0,0.0,0.0,0.0,0.0,0.0,0.0,0.0,0.0,0.0,0.0,0.0
-0.9154837772937426,-0.8943596725708697,-0.710919676520128,-0.8989593018243993,-0.29867945114072364,-0.2014848393963144,0.6173710140511748,-0.24471682924379487,-0.2918737241546465,-0.2891843331112601,0.0,1.0,0.0,0.0,0.0,0.0,0.0,0.0,0.0,0.0,0.0,0.0,0.0,0.0,0.0,0.0,0.0,0.0,0.0,0.0,0.0,0.0,0.0
1.282014482972674,-0.3038584835587267,-0.710919676520128,-0.2005605690367006,-0.29867945114072364,-0.2014848393963144,-0.4316361852887272,10.486498567464551,-0.2918737241546465,-0.2891843331112601,0.0,1.0,1.0,0.0,0.0,0.0,0.0,0.0,0.0,0.0,0.0,0.0,0.0,0.0,0.0,0.0,0.0,0.0,0.0,0.0,0.0,1.0,0.0
-0.3371947614341593,0.2866427054534163,-1.0597686737252838,-0.2005605690367006,-0.29867945114072364,-0.2014848393963144,-0.581494356622999,2.014486412168489,-0.2918737241546465,-0.2891843331112601,0.0,0.0,1.0,0.0,0.0,0.0,0.0,0.0,0.0,0.0,0.0,0.0,0.0,0.0,0.0,0.0,0.0,0.0,0.0,0.0,0.0,0.0,0.0
-0.9154837772937426,-0.8943596725708697,-0.013221682109816231,-0.8989593018243993,-0.29867945114072364,-0.2014848393963144,0.01793832871408793,-0.24471682924379487,-0.2918737241546465,-0.2891843331112601,0.0,1.0,0.0,0.0,0.0,0.0,0.0,0.0,0.0,0.0,0.0,0.0,0.0,0.0,0.0,0.0,0.0,0.0,0.0,0.0,0.0,0.0,0.0
1.8603034988322575,0.2866427054534163,-0.013221682109816231,0.4978381637509981,-0.29867945114072364,-0.2014848393963144,0.9170873567197182,-0.24471682924379487,-0.2918737241546465,-0.2891843331112601,0.0,1.0,0.0,0.0,0.0,0.0,0.0,0.0,0.0,0.0,0.0,0.0,0.0,0.0,0.0,0.0,0.0,0.0,0.0,0.0,0.0,0.0,0.0
-0.6841681709499093,0.2866427054534163,-0.013221682109816231,-1.597358034612098,-0.29867945114072364,-0.2014848393963144,-0.581494356622999,-0.24471682924379487,-0.2918737241546465,-0.2891843331112601,0.0,0.0,0.0,0.0,0.0,0.0,0.0,0.0,0.0,0.0,0.0,0.0,0.0,0.0,0.0,0.0,0.0,1.0,0.0,1.0,0.0,0.0,0.0
0.8193832702850075,-0.3038584835587267,-0.013221682109816231,0.4978381637509981,-0.29867945114072364,-0.2014848393963144,-0.4316361852887272,-0.24471682924379487,-0.2918737241546465,-0.2891843331112601,0.0,1.0,0.0,0.0,0.0,0.0,0.0,0.0,0.0,0.0,0.0,0.0,0.0,0.0,0.0,0.0,0.0,0.0,0.0,0.0,0.0,0.0,0.0
0.5880676639411742,0.2866427054534163,1.3821743067108072,-0.2005605690367006,-0.29867945114072364,-0.2014848393963144,1.8162363847253484,-0.24471682924379487,-0.2918737241546465,-0.2891843331112601,0.0,1.0,0.0,0.0,0.0,0.0,0.0,0.0,0.0,0.0,0.0,0.0,0.0,0.0,0.0,0.0,0.0,0.0,0.0,0.0,0.0,0.0,0.0
0.2410942544254241,1.4676450834777024,1.0333253095056514,-0.2005605690367006,-0.29867945114072364,-0.2014848393963144,0.01793832871408793,-0.24471682924379487,3.5959976306043346,3.0171565421274806,0.0,1.0,0.0,1.0,1.0,0.0,0.0,1.0,0.0,0.0,0.0,0.0,0.0,0.0,0.0,0.0,0.0,0.0,0.0,0.0,0.0,0.0,0.0
-1.0311415804656594,-0.3038584835587267,-0.013221682109816231,-0.2005605690367006,-0.29867945114072364,-0.2014848393963144,-0.581494356622999,-0.24471682924379487,-0.2918737241546465,-0.2891843331112601,0.0,0.0,0.0,0.0,0.0,0.0,0.0,0.0,0.0,0.0,0.0,0.0,0.0,0.0,0.0,0.0,0.0,0.0,0.0,0.0,0.0,1.0,0.0
-1.0311415804656594,-0.8943596725708697,-0.013221682109816231,-0.8989593018243993,-0.29867945114072364,-0.2014848393963144,-0.581494356622999,-0.24471682924379487,-0.2918737241546465,-0.2891843331112601,0.0,0.0,0.0,0.0,0.0,0.0,0.0,0.0,0.0,0.0,0.0,0.0,0.0,0.0,0.0,0.0,0.0,0.0,0.0,0.0,0.0,0.0,0.0
-0.799825974121826,0.8771438944655593,-0.710919676520128,-0.8989593018243993,-0.29867945114072364,-0.2014848393963144,-0.4316361852887272,-0.24471682924379487,-0.2918737241546465,-0.2891843331112601,0.0,1.0,0.0,0.0,0.0,0.0,0.0,0.0,0.0,0.0,0.0,0.0,0.0,0.0,0.0,0.0,0.0,0.0,0.0,0.0,0.0,0.0,0.0
-0.5685103677779926,-0.3038584835587267,0.33562731509533966,-0.2005605690367006,-0.29867945114072364,-0.2014848393963144,-0.581494356622999,-0.24471682924379487,-0.2918737241546465,-0.2891843331112601,0.0,0.0,0.0,0.0,0.0,0.0,0.0,0.0,0.0,0.0,0.0,0.0,0.0,0.0,0.0,0.0,0.0,0.0,0.0,0.0,0.0,0.0,0.0
0.1254364512535074,1.4676450834777024,-0.710919676520128,1.196236896538697,-0.29867945114072364,-0.2014848393963144,-0.581494356622999,-0.24471682924379487,-0.2918737241546465,-0.2891843331112601,0.0,0.0,0.0,0.0,0.0,0.0,0.0,0.0,0.0,0.0,0.0,0.0,0.0,0.0,0.0,0.0,0.0,0.0,0.0,0.0,0.0,1.0,1.0
-0.10587915509032593,0.2866427054534163,0.33562731509533966,-0.8989593018243993,-0.29867945114072364,-0.2014848393963144,-0.3836815704617602,-0.24471682924379487,-0.2918737241546465,-0.2891843331112601,0.0,1.0,0.0,0.0,0.0,0.0,0.0,0.0,0.0,0.0,0.0,0.0,0.0,0.0,0.0,0.0,0.0,0.0,0.0,0.0,0.0,0.0,0.0
-1.146799383637576,0.2866427054534163,-0.710919676520128,-0.8989593018243993,-0.29867945114072364,-0.2014848393963144,-0.581494356622999,-0.24471682924379487,-0.2918737241546465,-0.2891843331112601,0.0,0.0,0.0,0.0,0.0,0.0,0.0,0.0,0.0,0.0,0.0,0.0,0.0,0.0,0.0,0.0,0.0,0.0,0.0,0.0,0.0,0.0,0.0
-0.5685103677779926,-0.3038584835587267,-0.013221682109816231,-0.8989593018243993,-0.29867945114072364,-0.2014848393963144,-0.4316361852887272,-0.24471682924379487,-0.2918737241546465,-0.2891843331112601,0.0,1.0,0.0,0.0,0.0,0.0,0.0,0.0,0.0,0.0,0.0,0.0,0.0,0.0,0.0,0.0,0.0,0.0,0.0,0.0,0.0,0.0,0.0
0.9350410734569241,-0.3038584835587267,0.6844763123004955,0.4978381637509981,-0.29867945114072364,-0.2014848393963144,-0.4316361852887272,-0.24471682924379487,-0.2918737241546465,-0.2891843331112601,0.0,1.0,0.0,0.0,0.0,0.0,0.0,0.0,0.0,0.0,0.0,0.0,0.0,0.0,0.0,0.0,0.0,0.0,0.0,0.0,0.0,0.0,0.0
2.438592514691841,-0.3038584835587267,-0.3620706793149721,3.291433094901793,7.253883435480558,3.1169193617652238,1.516520042056805,-0.24471682924379487,-0.2918737241546465,-0.2891843331112601,1.0,1.0,0.0,0.0,0.0,0.0,0.0,0.0,0.0,0.0,0.0,0.0,0.0,0.0,0.0,0.0,0.0,0.0,0.0,0.0,0.0,0.0,0.0
0.2410942544254241,1.4676450834777024,-0.013221682109816231,1.8946356293263955,-0.29867945114072364,-0.2014848393963144,-0.40765887787524374,-0.24471682924379487,-0.2918737241546465,-0.2891843331112601,0.0,1.0,0.0,0.0,0.0,0.0,0.0,0.0,0.0,0.0,0.0,0.0,0.0,0.0,0.0,0.0,0.0,0.0,0.0,0.0,0.0,0.0,0.0
-0.6841681709499093,-0.3038584835587267,0.6844763123004955,-0.8989593018243993,-0.29867945114072364,-0.2014848393963144,-0.2817780139544555,-0.24471682924379487,-0.2918737241546465,-0.2891843331112601,0.0,1.0,0.0,0.0,0.0,0.0,0.0,0.0,0.0,0.0,0.0,0.0,0.0,0.0,0.0,0.0,0.0,0.0,0.0,0.0,0.0,0.0,0.0
-1.3781149899814094,-0.8943596725708697,-1.0597686737252838,-0.8989593018243993,-0.29867945114072364,-0.2014848393963144,-0.581494356622999,-0.24471682924379487,-0.2918737241546465,-0.2891843331112601,0.0,0.0,0.0,0.0,0.0,0.0,0.0,0.0,0.0,0.0,0.0,0.0,0.0,0.0,0.0,0.0,0.0,0.0,0.0,0.0,0.0,0.0,0.0
-0.2215369582622426,0.2866427054534163,-0.013221682109816231,0.4978381637509981,-0.29867945114072364,-0.2014848393963144,0.31765467138263137,-0.24471682924379487,-0.2918737241546465,-0.2891843331112601,0.0,1.0,0.0,0.0,0.0,0.0,0.0,0.0,0.0,0.0,0.0,0.0,0.0,0.0,0.0,0.0,0.0,0.0,0.0,0.0,0.0,0.0,0.0
-0.9154837772937426,0.2866427054534163,0.33562731509533966,-0.8989593018243993,-0.29867945114072364,-0.2014848393963144,-0.2817780139544555,-0.24471682924379487,-0.2918737241546465,-0.2891843331112601,0.0,1.0,0.0,0.0,0.0,0.0,0.0,0.0,0.0,0.0,0.0,0.0,0.0,0.0,0.0,0.0,0.0,0.0,0.0,0.0,0.0,0.0,0.0
-0.2215369582622426,-0.3038584835587267,-0.013221682109816231,-0.8989593018243993,-0.29867945114072364,-0.2014848393963144,-0.4316361852887272,-0.24471682924379487,-0.2918737241546465,-0.2891843331112601,0.0,1.0,0.0,0.0,0.0,0.0,0.0,0.0,0.0,0.0,0.0,0.0,0.0,0.0,0.0,0.0,0.0,0.0,0.0,0.0,0.0,0.0,0.0
0.5880676639411742,-0.3038584835587267,0.6844763123004955,-0.8989593018243993,-0.29867945114072364,-0.2014848393963144,1.8162363847253484,-0.24471682924379487,-0.2918737241546465,-0.2891843331112601,0.0,1.0,0.0,0.0,0.0,0.0,0.0,0.0,0.0,0.0,0.0,0.0,0.0,0.0,0.0,0.0,0.0,0.0,0.0,0.0,0.0,0.0,0.0
0.35675205759734074,-0.3038584835587267,-1.4086176709304397,0.4978381637509981,4.8937075334114075,1.16735689358282,-0.581494356622999,-0.24471682924379487,1.652061953224844,3.0171565421274806,1.0,0.0,0.0,1.0,0.0,0.0,0.0,0.0,0.0,0.0,0.0,0.0,0.0,1.0,0.0,0.0,0.0,0.0,0.0,0.0,1.0,1.0,0.0
-1.0311415804656594,-0.8943596725708697,-0.3620706793149721,-0.2005605690367006,-0.29867945114072364,-0.2014848393963144,-0.581494356622999,-0.24471682924379487,1.652061953224844,-0.2891843331112601,0.0,0.0,0.0,1.0,0.0,0.0,0.0,0.0,1.0,0.0,0.0,0.0,0.0,0.0,0.0,0.0,0.0,0.0,0.0,0.0,0.0,0.0,0.0
-0.799825974121826,0.2866427054534163,0.33562731509533966,-0.8989593018243993,-0.29867945114072364,-0.2014848393963144,-0.4316361852887272,-0.24471682924379487,-0.2918737241546465,-0.2891843331112601,0.0,1.0,0.0,0.0,0.0,0.0,0.0,0.0,0.0,0.0,0.0,0.0,0.0,0.0,0.0,0.0,0.0,0.0,0.0,0.0,0.0,0.0,0.0
0.9350410734569241,1.4676450834777024,-2.1063156653407513,-0.2005605690367006,3.2415844019630025,6.020523037781569,3.614534440736609,-0.24471682924379487,-0.2918737241546465,-0.2891843331112601,1.0,1.0,0.0,0.0,0.0,0.0,0.0,0.0,0.0,0.0,0.0,0.0,0.0,0.0,0.0,0.0,0.0,0.0,0.0,0.0,1.0,1.0,1.0
1.744645695660341,-0.3038584835587267,4.1729662843520545,-1.597358034612098,-0.29867945114072364,-0.2014848393963144,1.8162363847253484,-0.24471682924379487,-0.2918737241546465,-0.2891843331112601,0.0,1.0,0.0,0.0,0.0,0.0,0.0,0.0,0.0,0.0,0.0,0.0,0.0,0.0,0.0,0.0,0.0,0.0,0.0,0.0,0.0,0.0,0.0
0.2410942544254241,-0.3038584835587267,-1.0597686737252838,-0.2005605690367006,-0.29867945114072364,-0.2014848393963144,-0.581494356622999,-0.24471682924379487,-0.2918737241546465,-0.2891843331112601,0.0,0.0,0.0,0.0,0.0,0.0,0.0,0.0,0.0,0.0,0.0,0.0,0.0,0.0,0.0,0.0,0.0,0.0,0.0,0.0,0.0,0.0,0.0
-0.9154837772937426,0.2866427054534163,-0.710919676520128,-0.8989593018243993,-0.29867945114072364,-0.2014848393963144,-0.5065652709558631,-0.24471682924379487,-0.2918737241546465,-0.2891843331112601,0.0,1.0,0.0,0.0,0.0,0.0,0.0,0.0,0.0,0.0,0.0,0.0,0.0,0.0,0.0,0.0,0.0,0.0,0.0,0.0,0.0,0.0,0.0
-0.799825974121826,-0.3038584835587267,-0.3620706793149721,-0.8989593018243993,-0.29867945114072364,-0.2014848393963144,0.31765467138263137,-0.24471682924379487,-0.2918737241546465,-0.2891843331112601,0.0,1.0,0.0,0.0,0.0,0.0,0.0,0.0,0.0,0.0,0.0,0.0,0.0,0.0,0.0,0.0,0.0,0.0,0.0,0.0,0.0,0.0,0.0
0.7037254671130908,-0.3038584835587267,2.428721298326275,-0.2005605690367006,-0.29867945114072364,-0.2014848393963144,-0.5575170492095154,-0.24471682924379487,-0.2918737241546465,-0.2891843331112601,0.0,1.0,0.0,0.0,0.0,0.0,0.0,0.0,0.0,0.0,0.0,0.0,0.0,0.0,0.0,0.0,0.0,0.0,0.0,0.0,0.0,0.0,0.0
1.6289878924884242,0.2866427054534163,-0.3620706793149721,-0.2005605690367006,0.8814084998938517,0.8355164734666662,-0.581494356622999,-0.24471682924379487,-0.2918737241546465,-0.2891843331112601,1.0,0.0,0.0,0.0,0.0,0.0,0.0,0.0,0.0,0.0,0.0,0.0,0.0,0.0,0.0,0.0,0.0,0.0,0.0,0.0,0.0,1.0,0.0
-0.10587915509032593,-0.8943596725708697,0.33562731509533966,-0.8989593018243993,-0.29867945114072364,-0.2014848393963144,-0.581494356622999,-0.24471682924379487,-0.2918737241546465,-0.2891843331112601,0.0,0.0,0.0,0.0,0.0,0.0,0.0,0.0,0.0,0.0,0.0,0.0,0.0,0.0,0.0,0.0,0.0,0.0,0.0,0.0,0.0,0.0,0.0
-0.3371947614341593,-0.8943596725708697,-0.3620706793149721,0.4978381637509981,-0.29867945114072364,-0.2014848393963144,0.31765467138263137,-0.24471682924379487,-0.2918737241546465,-0.2891843331112601,0.0,1.0,0.0,0.0,0.0,0.0,0.0,0.0,0.0,0.0,0.0,0.0,0.0,0.0,0.0,0.0,0.0,0.0,0.0,0.0,0.0,0.0,0.0
0.1254364512535074,0.2866427054534163,-0.710919676520128,2.593034362114094,3.005566811756087,0.6695962634085894,1.516520042056805,2.014486412168489,3.5959976306043346,3.0171565421274806,1.0,1.0,1.0,1.0,1.0,0.0,0.0,1.0,0.0,0.0,0.0,0.0,0.0,0.0,0.0,0.0,0.0,0.0,0.0,0.0,0.0,0.0,0.0
0.35675205759734074,0.8771438944655593,-0.710919676520128,0.4978381637509981,-0.29867945114072364,-0.2014848393963144,-0.4316361852887272,4.838490463933843,-0.2918737241546465,-0.2891843331112601,0.0,1.0,1.0,0.0,0.0,0.0,0.0,0.0,0.0,0.0,0.0,0.0,0.0,0.0,0.0,0.0,0.0,0.0,0.0,0.0,0.0,0.0,0.0
-0.4528525646060759,-0.3038584835587267,-0.710919676520128,-1.597358034612098,-0.29867945114072364,-0.2014848393963144,-0.581494356622999,-0.24471682924379487,-0.2918737241546465,-0.2891843331112601,0.0,0.0,0.0,0.0,0.0,0.0,0.0,0.0,0.0,0.0,0.0,0.0,0.0,0.0,0.0,0.0,0.0,0.0,0.0,0.0,0.0,0.0,0.0
-0.4528525646060759,-0.3038584835587267,-0.710919676520128,0.4978381637509981,-0.29867945114072364,-0.2014848393963144,0.9170873567197182,-0.24471682924379487,-0.2918737241546465,-0.2891843331112601,0.0,1.0,0.0,0.0,0.0,0.0,0.0,0.0,0.0,0.0,0.0,0.0,0.0,0.0,0.0,0.0,0.0,0.0,0.0,0.0,0.0,0.0,0.0
0.009778648081590747,-0.3038584835587267,-1.4086176709304397,-0.2005605690367006,1.353443680307682,0.3792358958069547,0.31765467138263137,-0.24471682924379487,5.539933307983825,3.0171565421274806,1.0,1.0,0.0,1.0,1.0,0.0,0.0,1.0,1.0,0.0,0.0,0.0,0.0,0.0,0.0,0.0,0.0,0.0,0.0,0.0,0.0,0.0,0.0
-0.2215369582622426,-0.3038584835587267,-1.0597686737252838,0.4978381637509981,0.8814084998938517,-0.035564629338237494,1.516520042056805,-0.24471682924379487,-0.2918737241546465,-0.2891843331112601,1.0,1.0,0.0,0.0,0.0,0.0,0.0,0.0,0.0,0.0,0.0,0.0,0.0,0.0,0.0,0.0,0.0,0.0,0.0,0.0,0.0,0.0,0.0
-0.4528525646060759,-0.8943596725708697,-0.710919676520128,0.4978381637509981,-0.29867945114072364,-0.2014848393963144,-0.2817780139544555,-0.24471682924379487,-0.2918737241546465,-0.2891843331112601,0.0,1.0,0.0,0.0,0.0,0.0,0.0,0.0,0.0,0.0,0.0,0.0,0.0,0.0,0.0,0.0,0.0,0.0,0.0,0.0,0.0,0.0,0.0
-0.799825974121826,-0.3038584835587267,0.33562731509533966,-0.8989593018243993,-0.29867945114072364,-0.2014848393963144,-0.5575170492095154,-0.24471682924379487,-0.2918737241546465,-0.2891843331112601,0.0,1.0,0.0,0.0,0.0,0.0,0.0,0.0,0.0,0.0,0.0,0.0,0.0,0.0,0.0,0.0,0.0,0.0,0.0,0.0,0.0,0.0,0.0
-0.3371947614341593,-0.8943596725708697,0.6844763123004955,-0.8989593018243993,-0.29867945114072364,-0.2014848393963144,-0.581494356622999,-0.24471682924379487,-0.2918737241546465,-0.2891843331112601,0.0,0.0,0.0,0.0,0.0,0.0,0.0,0.0,0.0,0.0,0.0,0.0,0.0,0.0,0.0,0.0,0.0,0.0,0.0,0.0,0.0,0.0,0.0
-0.4528525646060759,0.8771438944655593,-0.3620706793149721,-0.2005605690367006,-0.29867945114072364,-0.2014848393963144,-0.4316361852887272,-0.24471682924379487,3.5959976306043346,3.0171565421274806,0.0,1.0,0.0,1.0,1.0,0.0,0.0,1.0,0.0,0.0,0.0,0.0,0.0,0.0,0.0,0.0,0.0,0.0,0.0,0.0,0.0,0.0,0.0
0.2410942544254241,0.8771438944655593,-0.3620706793149721,0.4978381637509981,-0.29867945114072364,-0.2014848393963144,-0.581494356622999,1.4496856018154178,-0.2918737241546465,-0.2891843331112601,0.0,0.0,1.0,0.0,0.0,0.0,0.0,0.0,0.0,0.0,0.0,0.0,0.0,0.0,0.0,0.0,0.0,0.0,0.0,0.0,0.0,0.0,0.0
0.47240986076925745,-0.3038584835587267,0.33562731509533966,-0.2005605690367006,-0.29867945114072364,-0.2014848393963144,-0.581494356622999,-0.24471682924379487,-0.2918737241546465,-0.2891843331112601,0.0,0.0,0.0,0.0,0.0,0.0,0.0,0.0,0.0,0.0,0.0,0.0,0.0,0.0,0.0,0.0,0.0,0.0,0.0,0.0,0.0,0.0,0.0
-0.4528525646060759,-0.8943596725708697,0.6844763123004955,0.4978381637509981,-0.29867945114072364,-0.2014848393963144,-0.2817780139544555,-0.24471682924379487,-0.2918737241546465,-0.2891843331112601,0.0,1.0,0.0,0.0,0.0,0.0,0.0,0.0,0.0,0.0,0.0,0.0,0.0,0.0,0.0,0.0,0.0,0.0,0.0,0.0,0.0,0.0,0.0
-0.3371947614341593,1.4676450834777024,-0.710919676520128,0.4978381637509981,-0.29867945114072364,-0.2014848393963144,-0.2817780139544555,-0.24471682924379487,-0.2918737241546465,-0.2891843331112601,0.0,1.0,0.0,0.0,0.0,0.0,0.0,0.0,0.0,0.0,0.0,0.0,0.0,0.0,0.0,0.0,0.0,0.0,0.0,0.0,0.0,0.0,0.0
-1.2624571868094927,-0.3038584835587267,-0.710919676520128,-0.8989593018243993,-0.29867945114072364,-0.2014848393963144,-0.581494356622999,-0.24471682924379487,-0.2918737241546465,-0.2891843331112601,0.0,0.0,0.0,0.0,0.0,0.0,0.0,0.0,0.0,0.0,0.0,0.0,0.0,0.0,0.0,0.0,0.0,0.0,0.0,0.0,0.0,0.0,1.0
-0.5685103677779926,-0.3038584835587267,-0.710919676520128,-0.2005605690367006,-0.29867945114072364,-0.2014848393963144,-0.581494356622999,-0.24471682924379487,-0.2918737241546465,-0.2891843331112601,0.0,0.0,0.0,0.0,0.0,0.0,0.0,0.0,0.0,0.0,0.0,0.0,0.0,0.0,0.0,0.0,0.0,0.0,0.0,0.0,0.0,0.0,0.0
0.35675205759734074,0.2866427054534163,1.7310233039159633,-0.8989593018243993,-0.29867945114072364,-0.2014848393963144,-0.581494356622999,-0.24471682924379487,-0.2918737241546465,-0.2891843331112601,0.0,0.0,0.0,0.0,0.0,0.0,0.0,0.0,0.0,0.0,0.0,0.0,0.0,0.0,0.0,0.0,0.0,0.0,0.0,0.0,0.0,0.0,0.0
1.397672286144591,1.4676450834777024,2.079872301121119,-0.2005605690367006,-0.29867945114072364,-0.2014848393963144,-0.581494356622999,0.32008398110927605,-0.2918737241546465,-0.2891843331112601,0.0,0.0,1.0,0.0,0.0,0.0,0.0,0.0,0.0,0.0,0.0,0.0,0.0,0.0,0.0,0.0,0.0,0.0,0.0,0.0,0.0,0.0,0.0
1.0506988766288408,0.2866427054534163,1.0333253095056514,-0.2005605690367006,-0.29867945114072364,-0.2014848393963144,1.2168036993882616,-0.24471682924379487,1.652061953224844,3.0171565421274806,0.0,1.0,0.0,1.0,0.0,0.0,0.0,0.0,0.0,0.0,0.0,0.0,0.0,0.0,0.0,1.0,1.0,0.0,1.0,1.0,0.0,0.0,0.0
2.091619105176091,-0.8943596725708697,1.0333253095056514,1.8946356293263955,-0.29867945114072364,-0.2014848393963144,-0.581494356622999,-0.24471682924379487,-0.2918737241546465,-0.2891843331112601,0.0,0.0,0.0,0.0,0.0,0.0,0.0,0.0,0.0,0.0,0.0,0.0,0.0,0.0,0.0,0.0,1.0,0.0,1.0,1.0,0.0,0.0,0.0
0.5880676639411742,0.2866427054534163,0.33562731509533966,-0.2005605690367006,-0.29867945114072364,-0.2014848393963144,1.8162363847253484,-0.24471682924379487,-0.2918737241546465,-0.2891843331112601,0.0,1.0,0.0,0.0,0.0,0.0,0.0,0.0,0.0,0.0,0.0,0.0,0.0,0.0,0.0,0.0,0.0,0.0,0.0,0.0,0.0,0.0,0.0
-0.3371947614341593,0.8771438944655593,-0.3620706793149721,-0.8989593018243993,-0.29867945114072364,-0.2014848393963144,-0.4316361852887272,-0.24471682924379487,-0.2918737241546465,-0.2891843331112601,0.0,1.0,0.0,0.0,0.0,0.0,0.0,0.0,0.0,0.0,0.0,0.0,0.0,0.0,0.0,0.0,0.0,0.0,0.0,0.0,0.0,0.0,0.0
-1.0311415804656594,2.648647461501988,-1.0597686737252838,-0.8989593018243993,-0.29867945114072364,-0.2014848393963144,-0.4316361852887272,-0.24471682924379487,-0.2918737241546465,-0.2891843331112601,0.0,1.0,0.0,0.0,0.0,0.0,0.0,0.0,0.0,0.0,0.0,0.0,0.0,0.0,0.0,0.0,0.0,0.0,0.0,0.0,0.0,0.0,0.0
-1.0311415804656594,-0.8943596725708697,-0.013221682109816231,-0.8989593018243993,-0.29867945114072364,-0.2014848393963144,-0.581494356622999,-0.24471682924379487,-0.2918737241546465,-0.2891843331112601,0.0,0.0,0.0,0.0,0.0,0.0,0.0,0.0,0.0,0.0,0.0,0.0,0.0,0.0,0.0,0.0,0.0,0.0,0.0,0.0,0.0,0.0,0.0
-0.3371947614341593,-0.8943596725708697,-0.013221682109816231,0.4978381637509981,-0.29867945114072364,-0.2014848393963144,1.2168036993882616,-0.24471682924379487,-0.2918737241546465,-0.2891843331112601,0.0,1.0,0.0,0.0,0.0,0.0,0.0,0.0,0.0,0.0,0.0,0.0,0.0,0.0,0.0,0.0,0.0,0.0,0.0,0.0,0.0,0.0,0.0
1.6289878924884242,-0.3038584835587267,-0.013221682109816231,1.196236896538697,-0.29867945114072364,-0.2014848393963144,-0.581494356622999,9.35689694675841,-0.2918737241546465,-0.2891843331112601,0.0,0.0,1.0,0.0,0.0,0.0,0.0,0.0,0.0,0.0,0.0,0.0,0.0,0.0,0.0,0.0,0.0,0.0,0.0,0.0,0.0,0.0,0.0
-1.146799383637576,-0.8943596725708697,-0.013221682109816231,-0.8989593018243993,-0.29867945114072364,-0.2014848393963144,-0.581494356622999,-0.24471682924379487,-0.2918737241546465,-0.2891843331112601,0.0,0.0,0.0,0.0,0.0,0.0,0.0,0.0,0.0,0.0,0.0,0.0,0.0,0.0,0.0,0.0,0.0,0.0,0.0,0.0,1.0,1.0,1.0
1.282014482972674,0.8771438944655593,0.33562731509533966,1.196236896538697,-0.29867945114072364,-0.2014848393963144,4.213967126073696,1.4496856018154178,-0.2918737241546465,-0.2891843331112601,0.0,1.0,1.0,0.0,0.0,0.0,0.0,0.0,0.0,0.0,0.0,0.0,0.0,0.0,0.0,0.0,0.0,0.0,0.0,0.0,1.0,1.0,1.0
-0.4528525646060759,-0.3038584835587267,-0.013221682109816231,-0.2005605690367006,-0.29867945114072364,-0.2014848393963144,-0.4316361852887272,-0.24471682924379487,-0.2918737241546465,-0.2891843331112601,0.0,1.0,0.0,0.0,0.0,0.0,0.0,0.0,0.0,0.0,0.0,0.0,0.0,0.0,0.0,0.0,0.0,0.0,0.0,0.0,0.0,0.0,0.0
-0.4528525646060759,-0.8943596725708697,0.33562731509533966,-0.2005605690367006,-0.29867945114072364,-0.2014848393963144,-0.2817780139544555,-0.24471682924379487,-0.2918737241546465,-0.2891843331112601,0.0,1.0,0.0,0.0,0.0,0.0,0.0,0.0,0.0,0.0,0.0,0.0,0.0,0.0,0.0,0.0,0.0,0.0,0.0,0.0,0.0,0.0,0.0
0.1254364512535074,0.2866427054534163,-0.710919676520128,0.4978381637509981,-0.29867945114072364,-0.2014848393963144,0.31765467138263137,-0.24471682924379487,-0.2918737241546465,-0.2891843331112601,0.0,1.0,0.0,0.0,0.0,0.0,0.0,0.0,0.0,0.0,0.0,0.0,0.0,0.0,0.0,0.0,0.0,0.0,0.0,0.0,0.0,0.0,0.0
-0.799825974121826,-0.3038584835587267,0.33562731509533966,-0.8989593018243993,-0.29867945114072364,-0.2014848393963144,0.01793832871408793,-0.24471682924379487,-0.2918737241546465,-0.2891843331112601,0.0,1.0,0.0,0.0,0.0,0.0,0.0,0.0,0.0,0.0,0.0,0.0,0.0,0.0,0.0,0.0,0.0,0.0,0.0,0.0,0.0,0.0,0.0
-1.0311415804656594,1.4676450834777024,-0.3620706793149721,-0.2005605690367006,-0.29867945114072364,-0.2014848393963144,-0.2817780139544555,-0.24471682924379487,-0.2918737241546465,-0.2891843331112601,0.0,1.0,0.0,0.0,0.0,0.0,0.0,0.0,0.0,0.0,0.0,0.0,0.0,0.0,0.0,0.0,0.0,0.0,0.0,0.0,0.0,0.0,1.0
-0.3371947614341593,0.2866427054534163,0.33562731509533966,-0.2005605690367006,0.00034844169890144334,0.011391672679275591,0.9170873567197182,-0.24471682924379487,-0.2918737241546465,-0.2891843331112601,1.0,1.0,0.0,0.0,0.0,0.0,0.0,0.0,0.0,0.0,0.0,0.0,0.0,0.0,0.0,0.0,0.0,0.0,0.0,0.0,0.0,0.0,0.0
-1.0311415804656594,-0.3038584835587267,-0.013221682109816231,-0.8989593018243993,-0.29867945114072364,-0.2014848393963144,-0.581494356622999,-0.24471682924379487,-0.2918737241546465,-0.2891843331112601,0.0,0.0,0.0,0.0,0.0,0.0,0.0,0.0,0.0,0.0,0.0,0.0,0.0,0.0,0.0,0.0,0.0,0.0,0.0,0.0,0.0,0.0,0.0
0.35675205759734074,-0.8943596725708697,0.33562731509533966,-0.2005605690367006,-0.29867945114072364,-0.2014848393963144,-0.581494356622999,-0.24471682924379487,-0.2918737241546465,-0.2891843331112601,0.0,0.0,0.0,0.0,0.0,0.0,0.0,0.0,0.0,0.0,0.0,0.0,0.0,0.0,0.0,0.0,0.0,0.0,0.0,0.0,0.0,0.0,0.0
0.9350410734569241,-0.3038584835587267,-0.013221682109816231,0.4978381637509981,-0.29867945114072364,-0.2014848393963144,-0.2817780139544555,-0.24471682924379487,-0.2918737241546465,-0.2891843331112601,0.0,1.0,0.0,0.0,0.0,0.0,0.0,0.0,0.0,0.0,0.0,0.0,0.0,0.0,0.0,0.0,0.0,0.0,0.0,0.0,1.0,1.0,0.0
0.009778648081590747,1.4676450834777024,1.3821743067108072,-0.8989593018243993,-0.29867945114072364,-0.2014848393963144,-0.2817780139544555,-0.24471682924379487,-0.2918737241546465,-0.2891843331112601,0.0,1.0,0.0,0.0,0.0,0.0,0.0,0.0,0.0,0.0,0.0,0.0,0.0,0.0,0.0,0.0,0.0,0.0,0.0,0.0,0.0,0.0,0.0
-0.6841681709499093,-0.3038584835587267,-0.710919676520128,-0.2005605690367006,-0.29867945114072364,-0.2014848393963144,0.31765467138263137,-0.24471682924379487,-0.2918737241546465,-0.2891843331112601,0.0,1.0,0.0,0.0,0.0,0.0,0.0,0.0,0.0,0.0,0.0,0.0,0.0,0.0,0.0,0.0,0.0,0.0,0.0,0.0,0.0,0.0,0.0
0.35675205759734074,0.2866427054534163,-0.013221682109816231,1.196236896538697,-0.29867945114072364,-0.2014848393963144,3.015101755399522,-0.24471682924379487,-0.2918737241546465,-0.2891843331112601,0.0,1.0,0.0,0.0,0.0,0.0,0.0,0.0,0.0,0.0,0.0,0.0,0.0,0.0,0.0,0.0,0.0,0.0,0.0,0.0,0.0,0.0,0.0
-0.9154837772937426,-0.8943596725708697,0.33562731509533966,-0.8989593018243993,-0.29867945114072364,-0.2014848393963144,-0.2817780139544555,-0.24471682924379487,-0.2918737241546465,-0.2891843331112601,0.0,1.0,0.0,0.0,0.0,0.0,0.0,0.0,0.0,0.0,0.0,0.0,0.0,0.0,0.0,0.0,1.0,0.0,1.0,1.0,1.0,1.0,1.0
-0.4528525646060759,0.2866427054534163,0.33562731509533966,1.196236896538697,1.589461270514597,0.2962757907779163,-0.4316361852887272,-0.24471682924379487,-0.2918737241546465,-0.2891843331112601,1.0,1.0,0.0,0.0,0.0,0.0,0.0,0.0,0.0,0.0,0.0,0.0,0.0,0.0,0.0,0.0,0.0,0.0,0.0,0.0,0.0,0.0,0.0
-0.799825974121826,0.2866427054534163,-0.710919676520128,-0.2005605690367006,0.4093733194800216,1.0429167360392624,-0.581494356622999,-0.24471682924379487,-0.2918737241546465,-0.2891843331112601,1.0,0.0,0.0,0.0,0.0,0.0,0.0,0.0,0.0,0.0,0.0,0.0,0.0,0.0,0.0,0.0,0.0,0.0,0.0,0.0,0.0,0.0,0.0
-0.4528525646060759,0.2866427054534163,-0.710919676520128,-0.8989593018243993,0.8814084998938517,0.10961555446257978,-0.4316361852887272,-0.24471682924379487,-0.2918737241546465,-0.2891843331112601,1.0,1.0,0.0,0.0,0.0,0.0,0.0,0.0,0.0,0.0,0.0,0.0,0.0,0.0,0.0,0.0,0.0,0.0,0.0,0.0,0.0,0.0,0.0
1.1663566798007574,-0.3038584835587267,-0.710919676520128,1.196236896538697,-0.29867945114072364,-0.2014848393963144,3.015101755399522,-0.15434869958730352,-0.2918737241546465,-0.2891843331112601,0.0,1.0,1.0,0.0,0.0,0.0,0.0,0.0,0.0,0.0,0.0,0.0,0.0,0.0,0.0,0.0,0.0,0.0,0.0,0.0,0.0,0.0,0.0
0.1254364512535074,0.2866427054534163,-0.710919676520128,-0.2005605690367006,1.589461270514597,0.1303555807198394,1.8162363847253484,-0.24471682924379487,-0.2918737241546465,-0.2891843331112601,1.0,1.0,0.0,0.0,0.0,0.0,0.0,0.0,0.0,0.0,0.0,0.0,0.0,0.0,0.0,0.0,0.0,0.0,0.0,0.0,0.0,0.0,0.0
-0.5685103677779926,-0.3038584835587267,-0.013221682109816231,-0.8989593018243993,-0.29867945114072364,-0.2014848393963144,-0.4316361852887272,-0.24471682924379487,-0.2918737241546465,-0.2891843331112601,0.0,1.0,0.0,0.0,0.0,0.0,0.0,0.0,0.0,0.0,0.0,0.0,0.0,0.0,0.0,0.0,0.0,0.0,0.0,0.0,0.0,0.0,0.0
-0.6841681709499093,0.8771438944655593,-0.013221682109816231,0.4978381637509981,-0.29867945114072364,-0.2014848393963144,0.31765467138263137,-0.24471682924379487,-0.2918737241546465,-0.2891843331112601,0.0,1.0,0.0,0.0,0.0,0.0,0.0,0.0,0.0,0.0,0.0,0.0,0.0,0.0,0.0,0.0,0.0,0.0,0.0,0.0,0.0,0.0,0.0
1.1663566798007574,0.2866427054534163,1.0333253095056514,1.8946356293263955,-0.29867945114072364,-0.2014848393963144,-0.581494356622999,-0.24471682924379487,-0.2918737241546465,-0.2891843331112601,0.0,0.0,0.0,0.0,0.0,0.0,0.0,0.0,0.0,0.0,0.0,0.0,0.0,0.0,0.0,0.0,0.0,0.0,0.0,0.0,0.0,0.0,0.0
-1.2624571868094927,-0.8943596725708697,-1.7574666681355957,-0.2005605690367006,-0.29867945114072364,-0.2014848393963144,-0.4556134927022107,-0.24471682924379487,-0.2918737241546465,-0.2891843331112601,0.0,1.0,0.0,0.0,0.0,0.0,0.0,0.0,0.0,0.0,0.0,0.0,0.0,0.0,0.0,0.0,0.0,0.0,0.0,0.0,0.0,0.0,0.0
0.009778648081590747,-0.8943596725708697,-0.3620706793149721,-0.2005605690367006,-0.29867945114072364,-0.2014848393963144,-0.581494356622999,-0.24471682924379487,-0.2918737241546465,-0.2891843331112601,0.0,0.0,0.0,0.0,0.0,0.0,0.0,0.0,0.0,0.0,0.0,0.0,0.0,0.0,0.0,0.0,0.0,0.0,0.0,0.0,0.0,0.0,0.0
-0.9154837772937426,-0.3038584835587267,-0.710919676520128,-0.2005605690367006,-0.29867945114072364,-0.2014848393963144,-0.4316361852887272,-0.24471682924379487,-0.2918737241546465,-0.2891843331112601,0.0,1.0,0.0,0.0,0.0,0.0,0.0,0.0,0.0,0.0,0.0,0.0,0.0,0.0,0.0,0.0,0.0,0.0,0.0,0.0,0.0,0.0,0.0
-0.4528525646060759,-0.8943596725708697,-0.710919676520128,0.4978381637509981,-0.29867945114072364,-0.2014848393963144,-0.581494356622999,-0.24471682924379487,-0.2918737241546465,-0.2891843331112601,0.0,0.0,0.0,0.0,0.0,0.0,0.0,0.0,0.0,0.0,0.0,0.0,0.0,0.0,0.0,0.0,0.0,0.0,0.0,0.0,0.0,0.0,0.0
2.2072769083480077,-0.8943596725708697,-0.710919676520128,2.593034362114094,-0.29867945114072364,-0.2014848393963144,-0.581494356622999,-0.24471682924379487,-0.2918737241546465,-0.2891843331112601,0.0,0.0,0.0,0.0,0.0,0.0,0.0,0.0,0.0,0.0,0.0,0.0,0.0,0.0,0.0,0.0,0.0,0.0,0.0,0.0,0.0,0.0,0.0
-0.799825974121826,0.2866427054534163,-0.013221682109816231,-0.8989593018243993,-0.06266186093380857,-0.16000478688179517,0.31765467138263137,-0.24471682924379487,-0.2918737241546465,-0.2891843331112601,1.0,1.0,0.0,0.0,0.0,0.0,0.0,0.0,0.0,0.0,0.0,0.0,0.0,0.0,0.0,0.0,0.0,0.0,0.0,0.0,0.0,0.0,0.0
-0.4528525646060759,-0.8943596725708697,-0.710919676520128,-0.2005605690367006,-0.29867945114072364,-0.2014848393963144,-0.581494356622999,-0.24471682924379487,-0.2918737241546465,-0.2891843331112601,0.0,0.0,0.0,0.0,0.0,0.0,0.0,0.0,0.0,0.0,0.0,0.0,0.0,0.0,0.0,0.0,0.0,0.0,0.0,0.0,0.0,0.0,0.0
0.2410942544254241,0.2866427054534163,-0.013221682109816231,-0.2005605690367006,-0.29867945114072364,-0.2014848393963144,0.7672291853854465,-0.24471682924379487,-0.2918737241546465,-0.2891843331112601,0.0,1.0,0.0,0.0,0.0,0.0,0.0,0.0,0.0,0.0,0.0,0.0,0.0,0.0,0.0,0.0,0.0,0.0,0.0,0.0,0.0,0.0,0.0
-1.3781149899814094,0.2866427054534163,-0.710919676520128,-0.2005605690367006,-0.29867945114072364,-0.2014848393963144,-0.581494356622999,-0.24471682924379487,-0.2918737241546465,-0.2891843331112601,0.0,0.0,0.0,0.0,0.0,0.0,0.0,0.0,0.0,0.0,0.0,0.0,0.0,0.0,0.0,0.0,0.0,0.0,0.0,0.0,0.0,0.0,0.0
0.8193832702850075,-0.8943596725708697,-0.710919676520128,1.196236896538697,-0.29867945114072364,-0.2014848393963144,-0.581494356622999,-0.24471682924379487,-0.2918737241546465,-0.2891843331112601,0.0,0.0,0.0,0.0,0.0,0.0,0.0,0.0,0.0,0.0,0.0,0.0,0.0,0.0,0.0,0.0,0.0,0.0,0.0,0.0,0.0,0.0,0.0
-0.4528525646060759,0.2866427054534163,-0.3620706793149721,-0.8989593018243993,-0.29867945114072364,-0.2014848393963144,-0.581494356622999,-0.24471682924379487,-0.2918737241546465,-0.2891843331112601,0.0,0.0,0.0,0.0,0.0,0.0,0.0,0.0,0.0,0.0,0.0,0.0,0.0,0.0,0.0,0.0,0.0,0.0,0.0,0.0,0.0,0.0,0.0
-0.5685103677779926,-0.3038584835587267,-0.710919676520128,-0.2005605690367006,-0.29867945114072364,-0.2014848393963144,-0.4316361852887272,-0.24471682924379487,-0.2918737241546465,-0.2891843331112601,0.0,1.0,0.0,0.0,0.0,0.0,0.0,0.0,0.0,0.0,0.0,0.0,0.0,0.0,0.0,0.0,0.0,0.0,0.0,0.0,0.0,0.0,0.0
0.2410942544254241,-0.3038584835587267,0.6844763123004955,-0.2005605690367006,-0.29867945114072364,-0.2014848393963144,-0.4316361852887272,-0.24471682924379487,-0.2918737241546465,-0.2891843331112601,0.0,1.0,0.0,0.0,0.0,0.0,0.0,0.0,0.0,0.0,0.0,0.0,0.0,0.0,0.0,0.0,0.0,0.0,0.0,0.0,0.0,0.0,0.0
-1.0311415804656594,0.2866427054534163,-0.710919676520128,-0.8989593018243993,0.1733557292731065,-0.20024043782087883,-0.40765887787524374,-0.24471682924379487,-0.2918737241546465,-0.2891843331112601,1.0,1.0,0.0,0.0,0.0,0.0,0.0,0.0,0.0,0.0,0.0,0.0,0.0,0.0,0.0,0.0,0.0,0.0,0.0,0.0,0.0,0.0,0.0
-0.799825974121826,-0.8943596725708697,0.33562731509533966,-0.8989593018243993,-0.29867945114072364,-0.2014848393963144,-0.581494356622999,-0.24471682924379487,3.5959976306043346,3.0171565421274806,0.0,0.0,0.0,1.0,1.0,0.0,0.0,1.0,0.0,0.0,0.0,0.0,0.0,0.0,0.0,0.0,0.0,0.0,0.0,0.0,0.0,0.0,0.0
-1.2624571868094927,-0.3038584835587267,-1.0597686737252838,-0.8989593018243993,-0.29867945114072364,-0.2014848393963144,-0.581494356622999,-0.24471682924379487,-0.2918737241546465,-0.2891843331112601,0.0,0.0,0.0,0.0,0.0,0.0,0.0,0.0,0.0,0.0,0.0,0.0,0.0,0.0,0.0,0.0,0.0,0.0,0.0,0.0,0.0,0.0,0.0
0.1254364512535074,-0.3038584835587267,0.33562731509533966,2.593034362114094,-0.29867945114072364,-0.2014848393963144,1.516520042056805,-0.24471682924379487,-0.2918737241546465,-0.2891843331112601,0.0,1.0,0.0,0.0,0.0,0.0,0.0,0.0,0.0,0.0,0.0,0.0,0.0,0.0,0.0,0.0,0.0,0.0,0.0,0.0,0.0,0.0,0.0
-0.6841681709499093,-0.8943596725708697,-0.013221682109816231,-0.8989593018243993,-0.29867945114072364,-0.2014848393963144,0.01793832871408793,-0.24471682924379487,-0.2918737241546465,-0.2891843331112601,0.0,1.0,0.0,0.0,0.0,0.0,0.0,0.0,0.0,0.0,0.0,0.0,0.0,0.0,0.0,0.0,0.0,0.0,0.0,0.0,0.0,0.0,0.0
-0.10587915509032593,0.2866427054534163,0.33562731509533966,-0.2005605690367006,-0.29867945114072364,-0.2014848393963144,-0.2817780139544555,-0.24471682924379487,-0.2918737241546465,-0.2891843331112601,0.0,1.0,0.0,0.0,0.0,0.0,0.0,0.0,0.0,0.0,0.0,0.0,0.0,0.0,0.0,0.0,0.0,0.0,0.0,0.0,0.0,0.0,0.0
-1.0311415804656594,-0.8943596725708697,0.33562731509533966,-0.8989593018243993,-0.29867945114072364,-0.2014848393963144,-0.581494356622999,-0.24471682924379487,-0.2918737241546465,-0.2891843331112601,0.0,0.0,0.0,0.0,0.0,0.0,0.0,0.0,0.0,0.0,0.0,0.0,0.0,0.0,0.0,0.0,0.0,0.0,0.0,0.0,0.0,0.0,0.0
-0.2215369582622426,1.4676450834777024,-0.710919676520128,1.196236896538697,-0.29867945114072364,-0.2014848393963144,0.31765467138263137,-0.24471682924379487,-0.2918737241546465,-0.2891843331112601,0.0,1.0,0.0,0.0,0.0,0.0,0.0,0.0,0.0,0.0,0.0,0.0,0.0,0.0,0.0,0.0,0.0,1.0,0.0,1.0,0.0,0.0,0.0
-0.6841681709499093,-0.3038584835587267,0.33562731509533966,0.4978381637509981,-0.29867945114072364,-0.2014848393963144,-0.581494356622999,1.4496856018154178,-0.2918737241546465,-0.2891843331112601,0.0,0.0,1.0,0.0,0.0,0.0,0.0,0.0,0.0,0.0,0.0,0.0,0.0,0.0,0.0,0.0,1.0,0.0,1.0,1.0,1.0,1.0,0.0
1.744645695660341,-0.3038584835587267,0.33562731509533966,-0.2005605690367006,-0.29867945114072364,-0.2014848393963144,-0.3836815704617602,0.8848847914623469,-0.2918737241546465,-0.2891843331112601,0.0,1.0,1.0,0.0,0.0,0.0,0.0,0.0,0.0,0.0,0.0,0.0,0.0,0.0,0.0,0.0,0.0,0.0,0.0,0.0,0.0,0.0,0.0
-0.799825974121826,-0.3038584835587267,-0.710919676520128,-0.8989593018243993,-0.29867945114072364,-0.2014848393963144,-0.581494356622999,-0.24471682924379487,-0.2918737241546465,-0.2891843331112601,0.0,0.0,0.0,0.0,0.0,0.0,0.0,0.0,0.0,0.0,0.0,0.0,0.0,0.0,0.0,0.0,0.0,0.0,0.0,0.0,0.0,0.0,0.0
-0.6841681709499093,-0.3038584835587267,0.33562731509533966,-0.2005605690367006,-0.29867945114072364,-0.2014848393963144,-0.581494356622999,-0.24471682924379487,-0.2918737241546465,-0.2891843331112601,0.0,0.0,0.0,0.0,0.0,0.0,0.0,0.0,0.0,0.0,0.0,0.0,0.0,0.0,0.0,0.0,0.0,0.0,0.0,0.0,0.0,0.0,0.0
-1.0311415804656594,-0.3038584835587267,-0.3620706793149721,-0.8989593018243993,-0.29867945114072364,-0.2014848393963144,-0.581494356622999,-0.24471682924379487,-0.2918737241546465,-0.2891843331112601,0.0,0.0,0.0,0.0,0.0,0.0,0.0,0.0,0.0,0.0,0.0,0.0,0.0,0.0,0.0,0.0,0.0,0.0,0.0,0.0,0.0,0.0,0.0
0.35675205759734074,-0.3038584835587267,-0.013221682109816231,-0.2005605690367006,-0.29867945114072364,-0.2014848393963144,2.7153854127309787,-0.24471682924379487,-0.2918737241546465,-0.2891843331112601,0.0,1.0,0.0,0.0,0.0,0.0,0.0,0.0,0.0,0.0,0.0,0.0,0.0,0.0,0.0,0.0,0.0,0.0,0.0,0.0,0.0,0.0,0.0
-0.4528525646060759,-0.8943596725708697,0.33562731509533966,-0.2005605690367006,-0.29867945114072364,-0.2014848393963144,-0.581494356622999,-0.24471682924379487,-0.2918737241546465,-0.2891843331112601,0.0,0.0,0.0,0.0,0.0,0.0,0.0,0.0,0.0,0.0,0.0,0.0,0.0,0.0,0.0,0.0,0.0,0.0,0.0,0.0,0.0,0.0,0.0
-0.10587915509032593,0.2866427054534163,-0.710919676520128,0.4978381637509981,0.8814084998938517,1.872517786329647,-0.4316361852887272,-0.24471682924379487,1.652061953224844,3.0171565421274806,1.0,1.0,0.0,1.0,0.0,0.0,0.0,0.0,0.0,0.0,0.0,0.0,0.0,1.0,0.0,0.0,0.0,0.0,0.0,0.0,0.0,0.0,0.0
-1.146799383637576,-0.8943596725708697,-0.3620706793149721,-0.8989593018243993,-0.29867945114072364,-0.2014848393963144,-0.4316361852887272,-0.24471682924379487,-0.2918737241546465,-0.2891843331112601,0.0,1.0,0.0,0.0,0.0,0.0,0.0,0.0,0.0,0.0,0.0,0.0,0.0,0.0,0.0,0.0,0.0,0.0,0.0,0.0,0.0,0.0,0.0
-0.4528525646060759,-0.3038584835587267,-0.3620706793149721,-0.8989593018243993,-0.29867945114072364,-0.2014848393963144,1.2168036993882616,-0.24471682924379487,-0.2918737241546465,-0.2891843331112601,0.0,1.0,0.0,0.0,0.0,0.0,0.0,0.0,0.0,0.0,0.0,0.0,0.0,0.0,0.0,0.0,0.0,0.0,0.0,0.0,0.0,0.0,0.0
0.5880676639411742,-0.3038584835587267,-0.013221682109816231,-0.8989593018243993,-0.29867945114072364,-0.2014848393963144,-0.4316361852887272,-0.24471682924379487,-0.2918737241546465,-0.2891843331112601,0.0,1.0,0.0,0.0,0.0,0.0,0.0,0.0,0.0,0.0,0.0,0.0,0.0,0.0,0.0,0.0,0.0,0.0,1.0,1.0,0.0,0.0,0.0
-0.9154837772937426,0.2866427054534163,-0.710919676520128,-0.2005605690367006,-0.29867945114072364,-0.2014848393963144,-0.4316361852887272,-0.24471682924379487,-0.2918737241546465,-0.2891843331112601,0.0,1.0,0.0,0.0,0.0,0.0,0.0,0.0,0.0,0.0,0.0,0.0,0.0,0.0,0.0,0.0,0.0,0.0,0.0,0.0,0.0,0.0,0.0
-0.5685103677779926,-0.3038584835587267,0.6844763123004955,-0.8989593018243993,-0.29867945114072364,-0.2014848393963144,-0.4316361852887272,-0.24471682924379487,-0.2918737241546465,-0.2891843331112601,0.0,1.0,0.0,0.0,0.0,0.0,0.0,0.0,0.0,0.0,0.0,0.0,0.0,0.0,0.0,0.0,0.0,0.0,0.0,0.0,0.0,0.0,0.0
0.7037254671130908,0.2866427054534163,-0.3620706793149721,1.196236896538697,3.005566811756087,0.3792358958069547,-0.2817780139544555,-0.24471682924379487,1.652061953224844,3.0171565421274806,1.0,1.0,0.0,1.0,0.0,0.0,0.0,0.0,0.0,0.0,0.0,0.0,0.0,1.0,0.0,0.0,0.0,0.0,0.0,0.0,0.0,1.0,1.0
0.8193832702850075,1.4676450834777024,-1.0597686737252838,1.8946356293263955,-0.29867945114072364,-0.2014848393963144,-0.2817780139544555,0.8848847914623469,-0.2918737241546465,-0.2891843331112601,0.0,1.0,1.0,0.0,0.0,0.0,0.0,0.0,0.0,0.0,0.0,0.0,0.0,0.0,0.0,0.0,0.0,0.0,0.0,0.0,0.0,0.0,0.0
1.0506988766288408,-0.3038584835587267,1.0333253095056514,0.4978381637509981,-0.29867945114072364,-0.2014848393963144,0.01793832871408793,-0.24471682924379487,-0.2918737241546465,-0.2891843331112601,0.0,1.0,0.0,0.0,0.0,0.0,0.0,0.0,0.0,0.0,0.0,0.0,0.0,0.0,0.0,0.0,0.0,0.0,0.0,0.0,0.0,0.0,0.0
-0.10587915509032593,-0.3038584835587267,-0.710919676520128,-0.2005605690367006,-0.29867945114072364,-0.2014848393963144,-0.4316361852887272,-0.24471682924379487,-0.2918737241546465,-0.2891843331112601,0.0,1.0,0.0,0.0,0.0,0.0,0.0,0.0,0.0,0.0,0.0,0.0,0.0,0.0,0.0,0.0,0.0,1.0,0.0,1.0,0.0,0.0,0.0
0.47240986076925745,0.2866427054534163,0.33562731509533966,-0.2005605690367006,-0.29867945114072364,-0.2014848393963144,-0.4316361852887272,-0.24471682924379487,-0.2918737241546465,-0.2891843331112601,0.0,1.0,0.0,0.0,0.0,0.0,0.0,0.0,0.0,0.0,0.0,0.0,0.0,0.0,0.0,0.0,0.0,0.0,0.0,0.0,0.0,0.0,0.0
1.5133300893165076,-0.3038584835587267,1.3821743067108072,1.196236896538697,-0.29867945114072364,-0.2014848393963144,-0.5065652709558631,-0.24471682924379487,3.5959976306043346,3.0171565421274806,0.0,1.0,0.0,1.0,1.0,0.0,0.0,1.0,0.0,0.0,0.0,0.0,0.0,0.0,0.0,0.0,0.0,0.0,0.0,0.0,0.0,0.0,0.0
1.6289878924884242,0.2866427054534163,1.0333253095056514,-0.2005605690367006,-0.29867945114072364,-0.2014848393963144,1.8162363847253484,-0.24471682924379487,-0.2918737241546465,-0.2891843331112601,0.0,1.0,0.0,0.0,0.0,0.0,0.0,0.0,0.0,0.0,0.0,0.0,0.0,0.0,0.0,0.0,0.0,0.0,0.0,0.0,0.0,0.0,0.0
2.9012237273795076,1.4676450834777024,-0.3620706793149721,1.196236896538697,8.433971386515134,15.146134590975798,0.31765467138263137,-0.24471682924379487,-0.2918737241546465,-0.2891843331112601,1.0,1.0,0.0,0.0,0.0,0.0,0.0,0.0,0.0,0.0,0.0,0.0,0.0,0.0,0.0,0.0,1.0,0.0,1.0,0.0,0.0,0.0,0.0
0.2410942544254241,-0.3038584835587267,1.0333253095056514,-0.8989593018243993,-0.29867945114072364,-0.2014848393963144,-0.4316361852887272,-0.24471682924379487,-0.2918737241546465,-0.2891843331112601,0.0,1.0,0.0,0.0,0.0,0.0,0.0,0.0,0.0,0.0,0.0,0.0,0.0,0.0,0.0,0.0,0.0,0.0,0.0,0.0,0.0,0.0,0.0
0.35675205759734074,0.2866427054534163,-1.0597686737252838,0.4978381637509981,-0.29867945114072364,-0.2014848393963144,0.01793832871408793,-0.24471682924379487,-0.2918737241546465,-0.2891843331112601,0.0,1.0,0.0,0.0,0.0,0.0,0.0,0.0,0.0,0.0,0.0,0.0,0.0,0.0,0.0,0.0,0.0,0.0,0.0,0.0,0.0,0.0,0.0
0.8193832702850075,0.2866427054534163,0.6844763123004955,0.4978381637509981,-0.29867945114072364,-0.2014848393963144,0.9170873567197182,-0.24471682924379487,-0.2918737241546465,-0.2891843331112601,0.0,1.0,0.0,0.0,0.0,0.0,0.0,0.0,0.0,0.0,0.0,0.0,0.0,0.0,0.0,0.0,0.0,0.0,0.0,0.0,0.0,0.0,0.0
-1.3781149899814094,-0.3038584835587267,-0.710919676520128,-0.8989593018243993,-0.29867945114072364,-0.2014848393963144,-0.581494356622999,-0.24471682924379487,-0.2918737241546465,-0.2891843331112601,0.0,0.0,0.0,0.0,0.0,0.0,0.0,0.0,0.0,0.0,0.0,0.0,0.0,0.0,0.0,0.0,0.0,0.0,0.0,0.0,0.0,0.0,0.0
0.2410942544254241,0.8771438944655593,-0.3620706793149721,1.8946356293263955,-0.29867945114072364,-0.2014848393963144,1.2168036993882616,-0.24471682924379487,-0.2918737241546465,-0.2891843331112601,0.0,1.0,0.0,0.0,0.0,0.0,0.0,0.0,0.0,0.0,0.0,0.0,0.0,0.0,0.0,0.0,0.0,0.0,0.0,0.0,0.0,0.0,0.0
0.1254364512535074,-0.3038584835587267,-0.013221682109816231,-0.2005605690367006,-0.29867945114072364,-0.2014848393963144,1.516520042056805,-0.24471682924379487,-0.2918737241546465,-0.2891843331112601,0.0,1.0,0.0,0.0,0.0,0.0,0.0,0.0,0.0,0.0,0.0,0.0,0.0,0.0,0.0,0.0,0.0,0.0,0.0,0.0,0.0,0.0,0.0
-0.4528525646060759,-0.3038584835587267,3.4752682899417424,0.4978381637509981,-0.29867945114072364,-0.2014848393963144,-0.581494356622999,-0.24471682924379487,-0.2918737241546465,-0.2891843331112601,0.0,0.0,0.0,0.0,0.0,0.0,0.0,0.0,0.0,0.0,0.0,0.0,0.0,0.0,0.0,0.0,0.0,0.0,0.0,0.0,0.0,0.0,0.0
-0.2215369582622426,-0.3038584835587267,1.0333253095056514,-0.8989593018243993,-0.29867945114072364,-0.2014848393963144,0.16779650004835964,-0.24471682924379487,-0.2918737241546465,-0.2891843331112601,0.0,1.0,0.0,0.0,0.0,0.0,0.0,0.0,0.0,0.0,0.0,0.0,0.0,0.0,0.0,0.0,0.0,0.0,0.0,0.0,0.0,0.0,0.0
-0.3371947614341593,-0.3038584835587267,0.6844763123004955,-0.8989593018243993,-0.29867945114072364,-0.2014848393963144,-0.581494356622999,-0.24471682924379487,-0.2918737241546465,-0.2891843331112601,0.0,0.0,0.0,0.0,0.0,0.0,0.0,0.0,0.0,0.0,0.0,0.0,0.0,0.0,0.0,0.0,0.0,0.0,0.0,0.0,0.0,0.0,0.0
0.9350410734569241,0.2866427054534163,-0.013221682109816231,2.593034362114094,2.769549221549172,0.8769965259811855,1.516520042056805,-0.24471682924379487,1.652061953224844,3.0171565421274806,1.0,1.0,0.0,1.0,0.0,0.0,0.0,0.0,1.0,0.0,0.0,0.0,0.0,0.0,0.0,0.0,0.0,0.0,0.0,0.0,0.0,1.0,0.0
-0.9154837772937426,-0.8943596725708697,-0.013221682109816231,-0.2005605690367006,-0.29867945114072364,-0.2014848393963144,-0.581494356622999,-0.24471682924379487,-0.2918737241546465,-0.2891843331112601,0.0,0.0,0.0,0.0,0.0,0.0,0.0,0.0,0.0,0.0,0.0,0.0,0.0,0.0,0.0,0.0,0.0,0.0,0.0,0.0,0.0,0.0,0.0
-1.0311415804656594,-0.3038584835587267,-0.710919676520128,-0.2005605690367006,-0.1806706560372661,-0.1807448131390548,-0.4825879635423796,-0.24471682924379487,-0.2918737241546465,-0.2891843331112601,1.0,1.0,0.0,0.0,0.0,0.0,0.0,0.0,0.0,0.0,0.0,0.0,0.0,0.0,0.0,0.0,0.0,0.0,0.0,0.0,1.0,0.0,0.0
-0.10587915509032593,-0.3038584835587267,-0.013221682109816231,-0.2005605690367006,-0.29867945114072364,-0.2014848393963144,-0.581494356622999,-0.24471682924379487,-0.2918737241546465,-0.2891843331112601,0.0,0.0,0.0,0.0,0.0,0.0,0.0,0.0,0.0,0.0,0.0,0.0,0.0,0.0,0.0,0.0,0.0,0.0,0.0,0.0,0.0,0.0,0.0
-0.9154837772937426,-0.3038584835587267,-0.3620706793149721,-0.8989593018243993,-0.29867945114072364,-0.2014848393963144,0.01793832871408793,-0.24471682924379487,-0.2918737241546465,-0.2891843331112601,0.0,1.0,0.0,0.0,0.0,0.0,0.0,0.0,0.0,0.0,0.0,0.0,0.0,0.0,0.0,0.0,0.0,0.0,0.0,0.0,0.0,0.0,0.0
0.009778648081590747,0.8771438944655593,-0.3620706793149721,-0.8989593018243993,-0.29867945114072364,-0.2014848393963144,-0.38068440703507483,-0.24471682924379487,-0.2918737241546465,-0.2891843331112601,0.0,1.0,0.0,0.0,0.0,0.0,0.0,0.0,0.0,0.0,0.0,0.0,0.0,0.0,0.0,0.0,0.0,0.0,0.0,0.0,0.0,0.0,0.0
-0.6841681709499093,-0.8943596725708697,-0.013221682109816231,-0.8989593018243993,-0.29867945114072364,-0.2014848393963144,0.9170873567197182,-0.24471682924379487,-0.2918737241546465,-0.2891843331112601,0.0,1.0,0.0,0.0,0.0,0.0,0.0,0.0,0.0,0.0,0.0,0.0,0.0,0.0,0.0,0.0,0.0,0.0,0.0,0.0,0.0,0.0,0.0
1.1663566798007574,0.2866427054534163,2.428721298326275,-0.8989593018243993,0.4093733194800216,-0.18489281839050672,-0.581494356622999,-0.24471682924379487,-0.2918737241546465,-0.2891843331112601,1.0,0.0,0.0,0.0,0.0,0.0,0.0,0.0,0.0,0.0,0.0,0.0,0.0,0.0,0.0,0.0,0.0,0.0,0.0,0.0,0.0,0.0,0.0
0.7037254671130908,0.2866427054534163,-0.013221682109816231,2.593034362114094,-0.29867945114072364,-0.2014848393963144,-0.581494356622999,-0.24471682924379487,-0.2918737241546465,-0.2891843331112601,0.0,0.0,0.0,0.0,0.0,0.0,0.0,0.0,0.0,0.0,0.0,0.0,0.0,0.0,0.0,0.0,0.0,0.0,0.0,0.0,0.0,0.0,0.0
-1.146799383637576,-0.3038584835587267,-0.710919676520128,-0.8989593018243993,-0.29867945114072364,-0.2014848393963144,-0.581494356622999,-0.24471682924379487,-0.2918737241546465,-0.2891843331112601,0.0,0.0,0.0,0.0,0.0,0.0,0.0,0.0,0.0,0.0,0.0,0.0,0.0,0.0,0.0,0.0,0.0,0.0,0.0,0.0,0.0,0.0,0.0
-0.2215369582622426,0.2866427054534163,-0.710919676520128,-0.8989593018243993,-0.29867945114072364,-0.2014848393963144,-0.4316361852887272,-0.24471682924379487,-0.2918737241546465,-0.2891843331112601,0.0,1.0,0.0,0.0,0.0,0.0,0.0,0.0,0.0,0.0,0.0,0.0,0.0,0.0,0.0,0.0,0.0,0.0,0.0,0.0,0.0,0.0,0.0
-0.9154837772937426,2.648647461501988,-1.0597686737252838,-0.2005605690367006,-0.29867945114072364,-0.2014848393963144,-0.533539741796032,-0.24471682924379487,3.5959976306043346,3.0171565421274806,0.0,1.0,0.0,1.0,1.0,0.0,0.0,1.0,0.0,0.0,0.0,0.0,0.0,0.0,0.0,0.0,0.0,0.0,0.0,0.0,0.0,0.0,0.0
0.2410942544254241,-0.3038584835587267,-0.013221682109816231,-0.2005605690367006,-0.29867945114072364,-0.2014848393963144,1.516520042056805,-0.24471682924379487,-0.2918737241546465,-0.2891843331112601,0.0,1.0,0.0,0.0,0.0,0.0,0.0,0.0,0.0,0.0,0.0,0.0,0.0,0.0,0.0,0.0,0.0,0.0,0.0,0.0,0.0,0.0,0.0
0.8193832702850075,0.2866427054534163,0.6844763123004955,0.4978381637509981,-0.29867945114072364,-0.2014848393963144,0.9170873567197182,-0.24471682924379487,-0.2918737241546465,-0.2891843331112601,0.0,1.0,0.0,0.0,0.0,0.0,0.0,0.0,0.0,0.0,0.0,0.0,0.0,0.0,0.0,0.0,0.0,0.0,0.0,0.0,0.0,0.0,0.0
0.1254364512535074,-0.3038584835587267,0.33562731509533966,0.4978381637509981,-0.29867945114072364,-0.2014848393963144,-0.581494356622999,-0.24471682924379487,-0.2918737241546465,-0.2891843331112601,0.0,0.0,0.0,0.0,0.0,0.0,0.0,0.0,0.0,0.0,0.0,0.0,0.0,0.0,0.0,0.0,0.0,0.0,0.0,0.0,0.0,0.0,0.0
0.9350410734569241,0.2866427054534163,0.33562731509533966,0.4978381637509981,-0.29867945114072364,-0.2014848393963144,0.9170873567197182,-0.24471682924379487,-0.2918737241546465,-0.2891843331112601,0.0,1.0,0.0,0.0,0.0,0.0,0.0,0.0,0.0,0.0,0.0,0.0,0.0,0.0,0.0,0.0,0.0,0.0,0.0,0.0,0.0,0.0,0.0
0.1254364512535074,0.2866427054534163,-0.3620706793149721,0.4978381637509981,2.533531631342257,2.287318311474839,1.516520042056805,-0.24471682924379487,1.652061953224844,3.0171565421274806,1.0,1.0,0.0,1.0,0.0,0.0,0.0,0.0,0.0,0.0,0.0,0.0,0.0,1.0,0.0,0.0,0.0,0.0,0.0,0.0,0.0,0.0,0.0
0.1254364512535074,-0.8943596725708697,2.079872301121119,0.4978381637509981,-0.29867945114072364,-0.2014848393963144,0.31765467138263137,-0.24471682924379487,-0.2918737241546465,-0.2891843331112601,0.0,1.0,0.0,0.0,0.0,0.0,0.0,0.0,0.0,0.0,0.0,0.0,0.0,0.0,0.0,0.0,0.0,0.0,0.0,0.0,0.0,0.0,0.0
-0.6841681709499093,-0.8943596725708697,0.33562731509533966,-0.8989593018243993,-0.29867945114072364,-0.2014848393963144,0.01793832871408793,-0.24471682924379487,-0.2918737241546465,-0.2891843331112601,0.0,1.0,0.0,0.0,0.0,0.0,0.0,0.0,0.0,0.0,0.0,0.0,0.0,0.0,0.0,0.0,0.0,0.0,0.0,0.0,0.0,0.0,0.0
0.9350410734569241,-0.3038584835587267,-0.013221682109816231,-0.2005605690367006,3.2415844019630025,-0.06874867134985288,-0.4316361852887272,-0.24471682924379487,-0.2918737241546465,-0.2891843331112601,1.0,1.0,0.0,0.0,0.0,0.0,0.0,0.0,0.0,0.0,0.0,0.0,0.0,0.0,0.0,0.0,0.0,0.0,0.0,0.0,0.0,0.0,0.0
-1.2624571868094927,-0.8943596725708697,-0.3620706793149721,-0.8989593018243993,-0.29867945114072364,-0.2014848393963144,-0.581494356622999,-0.24471682924379487,-0.2918737241546465,-0.2891843331112601,0.0,0.0,0.0,0.0,0.0,0.0,0.0,0.0,0.0,0.0,0.0,0.0,0.0,0.0,0.0,0.0,0.0,0.0,0.0,0.0,0.0,0.0,0.0
-0.5685103677779926,0.2866427054534163,-0.013221682109816231,1.196236896538697,-0.29867945114072364,-0.2014848393963144,0.9170873567197182,-0.24471682924379487,-0.2918737241546465,-0.2891843331112601,0.0,1.0,0.0,0.0,0.0,0.0,0.0,0.0,0.0,0.0,0.0,0.0,0.0,0.0,0.0,0.0,0.0,0.0,0.0,0.0,0.0,0.0,0.0
-0.9154837772937426,0.2866427054534163,-0.3620706793149721,-0.2005605690367006,-0.29867945114072364,-0.2014848393963144,-0.581494356622999,-0.24471682924379487,-0.2918737241546465,-0.2891843331112601,0.0,0.0,0.0,0.0,0.0,0.0,0.0,0.0,0.0,0.0,0.0,0.0,0.0,0.0,0.0,0.0,0.0,0.0,0.0,0.0,0.0,0.0,0.0
1.282014482972674,0.2866427054534163,1.7310233039159633,-0.2005605690367006,-0.29867945114072364,-0.2014848393963144,0.31765467138263137,3.14408803287463,-0.2918737241546465,-0.2891843331112601,0.0,1.0,1.0,0.0,0.0,0.0,0.0,0.0,0.0,0.0,0.0,0.0,0.0,0.0,0.0,0.0,1.0,0.0,1.0,1.0,0.0,1.0,0.0
-1.0311415804656594,0.2866427054534163,-0.3620706793149721,-0.8989593018243993,-0.29867945114072364,-0.2014848393963144,-0.4316361852887272,-0.24471682924379487,-0.2918737241546465,-0.2891843331112601,0.0,1.0,0.0,0.0,0.0,0.0,0.0,0.0,0.0,0.0,0.0,0.0,0.0,0.0,0.0,0.0,0.0,0.0,0.0,0.0,0.0,0.0,0.0
-0.799825974121826,0.2866427054534163,0.33562731509533966,-0.8989593018243993,-0.29867945114072364,-0.2014848393963144,-0.2817780139544555,-0.24471682924379487,-0.2918737241546465,-0.2891843331112601,0.0,1.0,0.0,0.0,0.0,0.0,0.0,0.0,0.0,0.0,0.0,0.0,0.0,0.0,0.0,0.0,0.0,0.0,0.0,0.0,0.0,0.0,0.0
-0.9154837772937426,0.8771438944655593,-1.0597686737252838,-0.8989593018243993,1.353443680307682,0.011391672679275591,-0.4316361852887272,-0.24471682924379487,-0.2918737241546465,-0.2891843331112601,1.0,1.0,0.0,0.0,0.0,0.0,0.0,0.0,0.0,0.0,0.0,0.0,0.0,0.0,0.0,0.0,0.0,0.0,0.0,0.0,0.0,0.0,0.0
0.7037254671130908,-0.8943596725708697,3.4752682899417424,0.4978381637509981,-0.29867945114072364,-0.2014848393963144,-0.533539741796032,-0.24471682924379487,-0.2918737241546465,-0.2891843331112601,0.0,1.0,0.0,0.0,0.0,0.0,0.0,0.0,0.0,0.0,0.0,0.0,0.0,0.0,0.0,0.0,0.0,0.0,0.0,0.0,0.0,0.0,0.0
0.35675205759734074,1.4676450834777024,-0.710919676520128,0.4978381637509981,-0.29867945114072364,-0.2014848393963144,1.2168036993882616,-0.24471682924379487,-0.2918737241546465,-0.2891843331112601,0.0,1.0,0.0,0.0,0.0,0.0,0.0,0.0,0.0,0.0,0.0,0.0,0.0,0.0,0.0,0.0,0.0,0.0,0.0,0.0,0.0,0.0,0.0
0.1254364512535074,0.2866427054534163,-0.013221682109816231,1.196236896538697,-0.29867945114072364,-0.2014848393963144,-0.2817780139544555,-0.24471682924379487,-0.2918737241546465,-0.2891843331112601,0.0,1.0,0.0,0.0,0.0,0.0,0.0,0.0,0.0,0.0,0.0,0.0,0.0,0.0,0.0,0.0,0.0,0.0,0.0,0.0,0.0,0.0,0.0
1.1663566798007574,-0.3038584835587267,0.33562731509533966,-0.2005605690367006,-0.29867945114072364,-0.2014848393963144,-0.581494356622999,-0.24471682924379487,1.652061953224844,3.0171565421274806,0.0,0.0,0.0,1.0,0.0,0.0,0.0,0.0,0.0,0.0,0.0,0.0,0.0,1.0,0.0,0.0,0.0,1.0,0.0,1.0,0.0,1.0,0.0
0.47240986076925745,0.2866427054534163,-1.7574666681355957,0.4978381637509981,3.4776019921699173,4.776121462345992,-0.4316361852887272,-0.24471682924379487,-0.2918737241546465,-0.2891843331112601,1.0,1.0,0.0,0.0,0.0,0.0,0.0,0.0,0.0,0.0,0.0,0.0,0.0,0.0,0.0,0.0,0.0,0.0,0.0,0.0,0.0,0.0,0.0
0.35675205759734074,-0.3038584835587267,-1.0597686737252838,2.593034362114094,-0.29867945114072364,-0.2014848393963144,0.9170873567197182,-0.24471682924379487,-0.2918737241546465,-0.2891843331112601,0.0,1.0,0.0,0.0,0.0,0.0,0.0,0.0,0.0,0.0,0.0,0.0,0.0,0.0,0.0,0.0,0.0,0.0,0.0,0.0,0.0,0.0,0.0
0.7037254671130908,-0.3038584835587267,-0.3620706793149721,1.196236896538697,-0.29867945114072364,-0.2014848393963144,0.31765467138263137,-0.24471682924379487,-0.2918737241546465,-0.2891843331112601,0.0,1.0,0.0,0.0,0.0,0.0,0.0,0.0,0.0,0.0,0.0,0.0,0.0,0.0,0.0,0.0,0.0,0.0,0.0,0.0,0.0,0.0,0.0
-0.3371947614341593,-0.8943596725708697,2.079872301121119,-0.8989593018243993,-0.29867945114072364,-0.2014848393963144,-0.35670709962159136,-0.24471682924379487,3.5959976306043346,3.0171565421274806,0.0,1.0,0.0,1.0,1.0,0.0,0.0,1.0,0.0,0.0,0.0,0.0,0.0,0.0,0.0,0.0,0.0,0.0,0.0,0.0,0.0,1.0,1.0
0.8193832702850075,-0.8943596725708697,-0.013221682109816231,-0.8989593018243993,-0.29867945114072364,-0.2014848393963144,-0.581494356622999,-0.24471682924379487,-0.2918737241546465,-0.2891843331112601,0.0,0.0,0.0,0.0,0.0,0.0,0.0,0.0,0.0,0.0,0.0,0.0,0.0,0.0,0.0,0.0,0.0,0.0,0.0,0.0,0.0,0.0,0.0
1.0506988766288408,-0.8943596725708697,-1.4086176709304397,2.593034362114094,-0.29867945114072364,-0.2014848393963144,-0.4316361852887272,-0.24471682924379487,-0.2918737241546465,-0.2891843331112601,0.0,1.0,0.0,0.0,0.0,0.0,0.0,0.0,0.0,0.0,0.0,0.0,0.0,0.0,0.0,0.0,0.0,0.0,0.0,0.0,0.0,0.0,0.0
1.0506988766288408,0.2866427054534163,0.33562731509533966,0.4978381637509981,0.00034844169890144334,0.794036420952147,2.115952727393892,-0.24471682924379487,-0.2918737241546465,-0.2891843331112601,1.0,1.0,0.0,0.0,0.0,0.0,0.0,0.0,0.0,0.0,0.0,0.0,0.0,0.0,0.0,0.0,0.0,0.0,0.0,0.0,0.0,0.0,0.0
0.9350410734569241,0.2866427054534163,-0.013221682109816231,0.4978381637509981,1.825478860721512,0.9184765784957047,4.513683468742239,-0.24471682924379487,-0.2918737241546465,-0.2891843331112601,1.0,1.0,0.0,0.0,0.0,0.0,0.0,0.0,0.0,0.0,0.0,0.0,0.0,0.0,0.0,0.0,0.0,0.0,0.0,0.0,0.0,0.0,0.0
-0.10587915509032593,4.420151028538417,-0.3620706793149721,-0.8989593018243993,1.825478860721512,0.011391672679275591,-0.4316361852887272,-0.24471682924379487,-0.2918737241546465,-0.2891843331112601,1.0,1.0,0.0,0.0,0.0,0.0,0.0,0.0,0.0,0.0,0.0,0.0,0.0,0.0,0.0,0.0,0.0,0.0,0.0,0.0,0.0,0.0,0.0
0.35675205759734074,-0.8943596725708697,1.7310233039159633,-0.2005605690367006,-0.29867945114072364,-0.2014848393963144,-0.533539741796032,-0.24471682924379487,-0.2918737241546465,-0.2891843331112601,0.0,1.0,0.0,0.0,0.0,0.0,0.0,0.0,0.0,0.0,0.0,0.0,0.0,0.0,0.0,0.0,0.0,0.0,0.0,0.0,0.0,0.0,0.0
2.091619105176091,0.8771438944655593,-1.0597686737252838,2.593034362114094,-0.29867945114072364,-0.2014848393963144,2.4156690700624353,2.5792872225215593,-0.2918737241546465,-0.2891843331112601,0.0,1.0,1.0,0.0,0.0,0.0,0.0,0.0,0.0,0.0,0.0,0.0,0.0,0.0,0.0,0.0,0.0,0.0,0.0,0.0,0.0,0.0,0.0
-0.10587915509032593,-0.3038584835587267,0.6844763123004955,-0.8989593018243993,-0.29867945114072364,-0.2014848393963144,-0.4316361852887272,-0.24471682924379487,-0.2918737241546465,-0.2891843331112601,0.0,1.0,0.0,0.0,0.0,0.0,0.0,0.0,0.0,0.0,0.0,0.0,0.0,0.0,0.0,0.0,0.0,0.0,0.0,0.0,0.0,0.0,0.0
0.5880676639411742,0.2866427054534163,-0.013221682109816231,-0.8989593018243993,-0.29867945114072364,-0.2014848393963144,1.8162363847253484,-0.24471682924379487,-0.2918737241546465,-0.2891843331112601,0.0,1.0,0.0,0.0,0.0,0.0,0.0,0.0,0.0,0.0,0.0,0.0,0.0,0.0,0.0,0.0,0.0,0.0,0.0,0.0,0.0,0.0,0.0
-0.4528525646060759,-0.8943596725708697,0.33562731509533966,1.8946356293263955,-0.29867945114072364,-0.2014848393963144,-0.5065652709558631,-0.24471682924379487,-0.2918737241546465,-0.2891843331112601,0.0,1.0,0.0,0.0,0.0,0.0,0.0,0.0,0.0,0.0,0.0,0.0,0.0,0.0,0.0,0.0,0.0,0.0,0.0,0.0,0.0,0.0,0.0
0.009778648081590747,-0.3038584835587267,0.6844763123004955,-0.2005605690367006,-0.29867945114072364,-0.2014848393963144,1.516520042056805,-0.24471682924379487,-0.2918737241546465,-0.2891843331112601,0.0,1.0,0.0,0.0,0.0,0.0,0.0,0.0,0.0,0.0,0.0,0.0,0.0,0.0,0.0,0.0,0.0,0.0,0.0,0.0,0.0,0.0,0.0
0.47240986076925745,-0.3038584835587267,0.6844763123004955,-0.2005605690367006,-0.29867945114072364,-0.2014848393963144,-0.581494356622999,-0.24471682924379487,-0.2918737241546465,-0.2891843331112601,0.0,0.0,0.0,0.0,0.0,0.0,0.0,0.0,0.0,0.0,0.0,0.0,0.0,0.0,0.0,0.0,0.0,0.0,0.0,0.0,0.0,0.0,0.0
-0.4528525646060759,-0.8943596725708697,0.6844763123004955,-0.2005605690367006,-0.29867945114072364,-0.2014848393963144,-0.4316361852887272,-0.24471682924379487,-0.2918737241546465,-0.2891843331112601,0.0,1.0,0.0,0.0,0.0,0.0,0.0,0.0,0.0,0.0,0.0,0.0,0.0,0.0,0.0,0.0,0.0,0.0,0.0,0.0,0.0,0.0,0.0
-0.9154837772937426,-0.3038584835587267,-0.3620706793149721,-0.2005605690367006,-0.29867945114072364,-0.2014848393963144,0.31765467138263137,-0.24471682924379487,3.5959976306043346,3.0171565421274806,0.0,1.0,0.0,1.0,1.0,0.0,0.0,1.0,0.0,0.0,0.0,0.0,0.0,0.0,0.0,0.0,0.0,0.0,0.0,0.0,0.0,0.0,0.0
-0.6841681709499093,0.2866427054534163,-0.3620706793149721,-0.2005605690367006,-0.29867945114072364,-0.2014848393963144,-0.2817780139544555,-0.24471682924379487,-0.2918737241546465,-0.2891843331112601,0.0,1.0,0.0,0.0,0.0,0.0,0.0,0.0,0.0,0.0,0.0,0.0,0.0,0.0,0.0,0.0,0.0,0.0,0.0,0.0,0.0,0.0,0.0
-1.2624571868094927,15.049172430756991,-2.4551646625459074,-0.8989593018243993,0.8814084998938517,1.872517786329647,-0.581494356622999,-0.24471682924379487,-0.2918737241546465,-0.2891843331112601,1.0,0.0,0.0,0.0,0.0,0.0,0.0,0.0,0.0,0.0,0.0,0.0,0.0,0.0,0.0,0.0,0.0,0.0,0.0,0.0,0.0,0.0,0.0
0.009778648081590747,0.8771438944655593,-0.3620706793149721,1.196236896538697,-0.29867945114072364,-0.2014848393963144,-0.4316361852887272,-0.24471682924379487,-0.2918737241546465,-0.2891843331112601,0.0,1.0,0.0,0.0,0.0,0.0,0.0,0.0,0.0,0.0,0.0,0.0,0.0,0.0,0.0,0.0,0.0,0.0,0.0,0.0,0.0,0.0,0.0
-0.5685103677779926,-0.3038584835587267,-0.710919676520128,0.4978381637509981,-0.29867945114072364,-0.2014848393963144,1.2168036993882616,-0.24471682924379487,-0.2918737241546465,-0.2891843331112601,0.0,1.0,0.0,0.0,0.0,0.0,0.0,0.0,0.0,0.0,0.0,0.0,0.0,0.0,0.0,0.0,0.0,0.0,0.0,0.0,0.0,0.0,0.0
-0.5685103677779926,0.8771438944655593,-0.3620706793149721,-0.8989593018243993,-0.29867945114072364,-0.2014848393963144,-0.4316361852887272,-0.24471682924379487,-0.2918737241546465,-0.2891843331112601,0.0,1.0,0.0,0.0,0.0,0.0,0.0,0.0,0.0,0.0,0.0,0.0,0.0,0.0,0.0,0.0,0.0,0.0,0.0,0.0,0.0,1.0,0.0
0.7037254671130908,-0.8943596725708697,-0.013221682109816231,0.4978381637509981,-0.29867945114072364,-0.2014848393963144,-0.533539741796032,2.5792872225215593,-0.2918737241546465,-0.2891843331112601,0.0,1.0,1.0,0.0,0.0,0.0,0.0,0.0,0.0,0.0,0.0,0.0,0.0,0.0,0.0,0.0,0.0,0.0,0.0,0.0,0.0,0.0,0.0
-0.3371947614341593,-0.3038584835587267,-1.4086176709304397,1.8946356293263955,-0.29867945114072364,-0.2014848393963144,0.01793832871408793,1.4496856018154178,-0.2918737241546465,-0.2891843331112601,0.0,1.0,1.0,0.0,0.0,0.0,0.0,0.0,0.0,0.0,0.0,0.0,0.0,0.0,0.0,0.0,0.0,0.0,0.0,0.0,0.0,0.0,0.0
-0.799825974121826,-0.8943596725708697,-0.3620706793149721,-0.2005605690367006,-0.29867945114072364,-0.2014848393963144,-0.581494356622999,-0.24471682924379487,-0.2918737241546465,-0.2891843331112601,0.0,0.0,0.0,0.0,0.0,0.0,0.0,0.0,0.0,0.0,0.0,0.0,0.0,0.0,0.0,0.0,0.0,0.0,0.0,0.0,0.0,0.0,0.0
2.5542503178637577,-0.3038584835587267,-0.710919676520128,2.593034362114094,-0.29867945114072364,-0.2014848393963144,0.01793832871408793,-0.24471682924379487,1.652061953224844,3.0171565421274806,0.0,1.0,0.0,1.0,0.0,0.0,0.0,0.0,1.0,0.0,0.0,0.0,0.0,0.0,0.0,0.0,0.0,0.0,0.0,0.0,0.0,0.0,0.0
0.2410942544254241,0.2866427054534163,-0.710919676520128,0.4978381637509981,-0.29867945114072364,-0.2014848393963144,-0.581494356622999,-0.24471682924379487,1.652061953224844,3.0171565421274806,0.0,0.0,0.0,1.0,0.0,0.0,0.0,0.0,0.0,0.0,0.0,0.0,0.0,1.0,0.0,0.0,0.0,0.0,0.0,0.0,0.0,0.0,0.0
-1.3781149899814094,-0.8943596725708697,-1.0597686737252838,-0.8989593018243993,-0.29867945114072364,-0.2014848393963144,-0.581494356622999,-0.24471682924379487,-0.2918737241546465,-0.2891843331112601,0.0,0.0,0.0,0.0,0.0,0.0,0.0,0.0,0.0,0.0,0.0,0.0,0.0,0.0,0.0,0.0,0.0,0.0,0.0,0.0,0.0,0.0,0.0
-0.2215369582622426,0.2866427054534163,-0.710919676520128,-0.2005605690367006,-0.29867945114072364,-0.2014848393963144,2.115952727393892,-0.24471682924379487,-0.2918737241546465,-0.2891843331112601,0.0,1.0,0.0,0.0,0.0,0.0,0.0,0.0,0.0,0.0,0.0,0.0,0.0,0.0,0.0,0.0,0.0,0.0,0.0,0.0,0.0,0.0,0.0
1.1663566798007574,-0.3038584835587267,1.3821743067108072,1.196236896538697,-0.29867945114072364,-0.2014848393963144,0.6173710140511748,-0.24471682924379487,-0.2918737241546465,-0.2891843331112601,0.0,1.0,0.0,0.0,0.0,0.0,0.0,0.0,0.0,0.0,0.0,0.0,0.0,0.0,0.0,0.0,0.0,0.0,0.0,0.0,0.0,0.0,0.0
-1.2624571868094927,-0.8943596725708697,-0.3620706793149721,-0.8989593018243993,-0.29867945114072364,-0.2014848393963144,-0.581494356622999,-0.24471682924379487,-0.2918737241546465,-0.2891843331112601,0.0,0.0,0.0,0.0,0.0,0.0,0.0,0.0,0.0,0.0,0.0,0.0,0.0,0.0,0.0,0.0,0.0,0.0,0.0,0.0,0.0,0.0,0.0
-0.4528525646060759,1.4676450834777024,2.079872301121119,-0.2005605690367006,-0.29867945114072364,-0.2014848393963144,0.01793832871408793,-0.24471682924379487,-0.2918737241546465,-0.2891843331112601,0.0,1.0,0.0,0.0,0.0,0.0,0.0,0.0,0.0,0.0,0.0,0.0,0.0,0.0,0.0,0.0,0.0,0.0,0.0,0.0,0.0,0.0,0.0
-1.0311415804656594,-0.8943596725708697,-1.0597686737252838,-0.2005605690367006,-0.29867945114072364,-0.2014848393963144,-0.581494356622999,-0.24471682924379487,-0.2918737241546465,-0.2891843331112601,0.0,0.0,0.0,0.0,0.0,0.0,0.0,0.0,0.0,0.0,0.0,0.0,0.0,0.0,0.0,0.0,0.0,0.0,0.0,0.0,0.0,0.0,0.0
-1.2624571868094927,-0.3038584835587267,-0.710919676520128,-0.8989593018243993,-0.29867945114072364,-0.2014848393963144,-0.4316361852887272,-0.24471682924379487,-0.2918737241546465,-0.2891843331112601,0.0,1.0,0.0,0.0,0.0,0.0,0.0,0.0,0.0,0.0,0.0,0.0,0.0,0.0,0.0,0.0,0.0,0.0,0.0,0.0,0.0,0.0,0.0
0.1254364512535074,2.058146272489845,-0.710919676520128,0.4978381637509981,-0.29867945114072364,-0.2014848393963144,-0.4316361852887272,-0.24471682924379487,-0.2918737241546465,-0.2891843331112601,0.0,1.0,0.0,0.0,0.0,0.0,0.0,0.0,0.0,0.0,0.0,0.0,0.0,0.0,0.0,0.0,0.0,0.0,0.0,0.0,0.0,0.0,0.0
-0.6841681709499093,-0.8943596725708697,-0.013221682109816231,-0.8989593018243993,-0.29867945114072364,-0.2014848393963144,0.6173710140511748,-0.24471682924379487,3.5959976306043346,-0.2891843331112601,0.0,1.0,0.0,1.0,1.0,0.0,0.0,1.0,0.0,0.0,0.0,0.0,0.0,0.0,0.0,0.0,0.0,0.0,0.0,0.0,0.0,0.0,0.0
0.47240986076925745,-0.3038584835587267,0.6844763123004955,-0.2005605690367006,-0.29867945114072364,-0.2014848393963144,2.115952727393892,-0.24471682924379487,-0.2918737241546465,-0.2891843331112601,0.0,1.0,0.0,0.0,0.0,0.0,0.0,0.0,0.0,0.0,0.0,0.0,0.0,0.0,0.0,0.0,1.0,0.0,1.0,1.0,0.0,0.0,1.0
-0.799825974121826,-0.8943596725708697,0.33562731509533966,-0.8989593018243993,-0.29867945114072364,-0.2014848393963144,-0.4316361852887272,-0.24471682924379487,-0.2918737241546465,-0.2891843331112601,0.0,1.0,0.0,0.0,0.0,0.0,0.0,0.0,0.0,0.0,0.0,0.0,0.0,0.0,0.0,0.0,0.0,0.0,0.0,0.0,0.0,0.0,0.0
0.009778648081590747,1.4676450834777024,0.6844763123004955,-0.2005605690367006,-0.29867945114072364,-0.2014848393963144,0.31765467138263137,-0.24471682924379487,-0.2918737241546465,-0.2891843331112601,0.0,1.0,0.0,0.0,0.0,0.0,0.0,0.0,0.0,0.0,0.0,0.0,0.0,0.0,0.0,0.0,1.0,0.0,1.0,1.0,0.0,0.0,1.0
-0.5685103677779926,-0.8943596725708697,-0.3620706793149721,0.4978381637509981,-0.29867945114072364,-0.2014848393963144,-0.2817780139544555,-0.24471682924379487,-0.2918737241546465,-0.2891843331112601,0.0,1.0,0.0,0.0,0.0,0.0,0.0,0.0,0.0,0.0,0.0,0.0,0.0,0.0,0.0,0.0,0.0,0.0,0.0,0.0,0.0,0.0,0.0
-1.2624571868094927,-0.8943596725708697,-1.4086176709304397,-0.2005605690367006,-0.29867945114072364,-0.2014848393963144,-0.4316361852887272,-0.24471682924379487,-0.2918737241546465,-0.2891843331112601,0.0,1.0,0.0,0.0,0.0,0.0,0.0,0.0,0.0,0.0,0.0,0.0,0.0,0.0,0.0,0.0,0.0,0.0,0.0,0.0,0.0,0.0,0.0
0.2410942544254241,-0.3038584835587267,-1.0597686737252838,1.196236896538697,-0.29867945114072364,-0.2014848393963144,-0.581494356622999,3.14408803287463,-0.2918737241546465,-0.2891843331112601,0.0,0.0,1.0,0.0,0.0,0.0,0.0,0.0,0.0,0.0,0.0,0.0,0.0,0.0,0.0,0.0,0.0,0.0,0.0,0.0,0.0,0.0,0.0
-0.3371947614341593,-0.8943596725708697,1.0333253095056514,-0.2005605690367006,-0.29867945114072364,-0.2014848393963144,0.31765467138263137,-0.24471682924379487,-0.2918737241546465,-0.2891843331112601,0.0,1.0,0.0,0.0,0.0,0.0,0.0,0.0,0.0,0.0,0.0,0.0,0.0,0.0,0.0,0.0,0.0,0.0,0.0,0.0,0.0,0.0,0.0
-0.4528525646060759,-0.8943596725708697,-0.710919676520128,0.4978381637509981,-0.29867945114072364,-0.2014848393963144,-0.5065652709558631,3.708888843227701,-0.2918737241546465,-0.2891843331112601,0.0,1.0,1.0,0.0,0.0,0.0,0.0,0.0,0.0,0.0,0.0,0.0,0.0,0.0,0.0,0.0,0.0,0.0,0.0,0.0,0.0,0.0,0.0
0.7037254671130908,0.2866427054534163,3.8241172871468985,-0.2005605690367006,-0.29867945114072364,-0.2014848393963144,-0.2817780139544555,-0.24471682924379487,-0.2918737241546465,-0.2891843331112601,0.0,1.0,0.0,0.0,0.0,0.0,0.0,0.0,0.0,0.0,0.0,0.0,0.0,0.0,0.0,0.0,0.0,0.0,0.0,0.0,0.0,0.0,0.0
0.009778648081590747,-0.3038584835587267,-1.0597686737252838,0.4978381637509981,-0.29867945114072364,-0.2014848393963144,-0.2817780139544555,-0.24471682924379487,-0.2918737241546465,-0.2891843331112601,0.0,1.0,0.0,0.0,0.0,0.0,0.0,0.0,0.0,0.0,0.0,0.0,0.0,0.0,0.0,0.0,1.0,0.0,1.0,1.0,0.0,0.0,0.0
0.7037254671130908,0.2866427054534163,0.33562731509533966,-0.2005605690367006,-0.29867945114072364,-0.2014848393963144,-0.581494356622999,-0.24471682924379487,-0.2918737241546465,-0.2891843331112601,0.0,0.0,0.0,0.0,0.0,0.0,0.0,0.0,0.0,0.0,0.0,0.0,0.0,0.0,0.0,0.0,0.0,0.0,0.0,0.0,1.0,1.0,1.0
0.1254364512535074,0.2866427054534163,0.33562731509533966,0.4978381637509981,-0.29867945114072364,-0.2014848393963144,-0.581494356622999,-0.24471682924379487,-0.2918737241546465,-0.2891843331112601,0.0,0.0,0.0,0.0,0.0,0.0,0.0,0.0,0.0,0.0,0.0,0.0,0.0,0.0,0.0,0.0,0.0,0.0,0.0,0.0,0.0,0.0,0.0
-0.4528525646060759,-0.3038584835587267,0.33562731509533966,-0.8989593018243993,-0.29867945114072364,-0.2014848393963144,1.2168036993882616,-0.24471682924379487,-0.2918737241546465,-0.2891843331112601,0.0,1.0,0.0,0.0,0.0,0.0,0.0,0.0,0.0,0.0,0.0,0.0,0.0,0.0,0.0,0.0,0.0,0.0,0.0,0.0,0.0,0.0,0.0
-0.799825974121826,0.2866427054534163,-1.0597686737252838,0.4978381637509981,0.6453909096869367,-0.11852473436727595,-0.581494356622999,-0.24471682924379487,1.652061953224844,3.0171565421274806,1.0,0.0,0.0,1.0,0.0,0.0,0.0,0.0,1.0,0.0,0.0,0.0,0.0,0.0,0.0,0.0,0.0,0.0,0.0,0.0,0.0,0.0,0.0
0.35675205759734074,0.2866427054534163,-0.710919676520128,-1.597358034612098,3.4776019921699173,3.1169193617652238,-0.581494356622999,-0.24471682924379487,-0.2918737241546465,-0.2891843331112601,1.0,0.0,0.0,0.0,0.0,0.0,0.0,0.0,0.0,0.0,0.0,0.0,0.0,0.0,0.0,0.0,0.0,0.0,0.0,0.0,0.0,0.0,0.0
-1.146799383637576,-0.8943596725708697,-0.3620706793149721,-0.2005605690367006,-0.29867945114072364,-0.2014848393963144,-0.5065652709558631,-0.24471682924379487,-0.2918737241546465,-0.2891843331112601,0.0,1.0,0.0,0.0,0.0,0.0,0.0,0.0,0.0,0.0,0.0,0.0,0.0,0.0,0.0,0.0,0.0,0.0,0.0,0.0,0.0,0.0,0.0
2.9012237273795076,-0.3038584835587267,0.6844763123004955,1.8946356293263955,-0.29867945114072364,-0.2014848393963144,-0.581494356622999,5.968092084639984,-0.2918737241546465,-0.2891843331112601,0.0,0.0,1.0,0.0,0.0,0.0,0.0,0.0,0.0,0.0,0.0,0.0,0.0,0.0,0.0,0.0,0.0,0.0,0.0,0.0,0.0,1.0,0.0
-0.4528525646060759,0.2866427054534163,0.33562731509533966,-0.8989593018243993,-0.29867945114072364,-0.2014848393963144,-0.4316361852887272,-0.24471682924379487,-0.2918737241546465,-0.2891843331112601,0.0,1.0,0.0,0.0,0.0,0.0,0.0,0.0,0.0,0.0,0.0,0.0,0.0,0.0,0.0,0.0,0.0,0.0,0.0,0.0,0.0,0.0,0.0
0.47240986076925745,0.2866427054534163,-1.0597686737252838,1.196236896538697,-0.29867945114072364,-0.2014848393963144,0.6173710140511748,-0.24471682924379487,-0.2918737241546465,-0.2891843331112601,0.0,1.0,0.0,0.0,0.0,0.0,0.0,0.0,0.0,0.0,0.0,0.0,0.0,0.0,0.0,0.0,0.0,0.0,0.0,0.0,0.0,0.0,0.0
1.1663566798007574,0.2866427054534163,0.33562731509533966,0.4978381637509981,-0.29867945114072364,-0.2014848393963144,-0.5065652709558631,-0.24471682924379487,-0.2918737241546465,-0.2891843331112601,0.0,1.0,0.0,0.0,0.0,0.0,0.0,0.0,0.0,0.0,0.0,0.0,0.0,0.0,0.0,0.0,0.0,0.0,0.0,0.0,0.0,0.0,0.0
4.983064184474007,0.8771438944655593,3.4752682899417424,0.4978381637509981,0.4093733194800216,0.10961555446257978,-0.581494356622999,-0.24471682924379487,-0.2918737241546465,-0.2891843331112601,1.0,0.0,0.0,0.0,0.0,0.0,0.0,0.0,0.0,0.0,0.0,0.0,0.0,0.0,0.0,0.0,0.0,0.0,0.0,0.0,0.0,0.0,0.0
-0.2215369582622426,-0.3038584835587267,0.33562731509533966,-0.2005605690367006,-0.29867945114072364,-0.2014848393963144,-0.5065652709558631,-0.24471682924379487,-0.2918737241546465,-0.2891843331112601,0.0,1.0,0.0,0.0,0.0,0.0,0.0,0.0,0.0,0.0,0.0,0.0,0.0,0.0,0.0,0.0,0.0,0.0,0.0,0.0,0.0,0.0,0.0
-0.9154837772937426,-0.3038584835587267,-0.3620706793149721,-0.8989593018243993,-0.29867945114072364,-0.2014848393963144,-0.4316361852887272,-0.24471682924379487,-0.2918737241546465,-0.2891843331112601,0.0,1.0,0.0,0.0,0.0,0.0,0.0,0.0,0.0,0.0,0.0,0.0,0.0,0.0,0.0,0.0,0.0,0.0,0.0,0.0,0.0,0.0,0.0
0.009778648081590747,-0.8943596725708697,0.6844763123004955,-0.8989593018243993,-0.29867945114072364,-0.2014848393963144,-0.4316361852887272,-0.24471682924379487,-0.2918737241546465,-0.2891843331112601,0.0,1.0,0.0,0.0,0.0,0.0,0.0,0.0,0.0,0.0,0.0,0.0,0.0,0.0,0.0,0.0,0.0,0.0,0.0,0.0,0.0,0.0,0.0
-1.0311415804656594,0.2866427054534163,-1.0597686737252838,-0.8989593018243993,0.4093733194800216,-0.014824603080977886,-0.4316361852887272,-0.24471682924379487,-0.2918737241546465,-0.2891843331112601,1.0,1.0,0.0,0.0,0.0,0.0,0.0,0.0,0.0,0.0,0.0,0.0,0.0,0.0,0.0,0.0,0.0,0.0,0.0,0.0,0.0,0.0,0.0
2.785565924207591,0.2866427054534163,-0.013221682109816231,2.593034362114094,7.72591861589439,1.2088369460973392,-0.581494356622999,3.708888843227701,-0.2918737241546465,-0.2891843331112601,1.0,0.0,1.0,0.0,0.0,0.0,0.0,0.0,0.0,0.0,0.0,0.0,0.0,0.0,0.0,0.0,0.0,0.0,0.0,0.0,1.0,1.0,0.0
0.9350410734569241,-0.8943596725708697,0.33562731509533966,-0.2005605690367006,-0.29867945114072364,-0.2014848393963144,0.01793832871408793,-0.24471682924379487,-0.2918737241546465,-0.2891843331112601,0.0,1.0,0.0,0.0,0.0,0.0,0.0,0.0,0.0,0.0,0.0,0.0,0.0,0.0,0.0,0.0,0.0,0.0,0.0,0.0,0.0,0.0,0.0
0.1254364512535074,-0.3038584835587267,1.0333253095056514,-0.2005605690367006,-0.29867945114072364,-0.2014848393963144,-0.2817780139544555,-0.24471682924379487,-0.2918737241546465,-0.2891843331112601,0.0,1.0,0.0,0.0,0.0,0.0,0.0,0.0,0.0,0.0,0.0,0.0,0.0,0.0,0.0,0.0,0.0,0.0,0.0,0.0,0.0,0.0,0.0
-1.493772793153326,-0.3038584835587267,-1.0597686737252838,-0.8989593018243993,-0.29867945114072364,-0.2014848393963144,-0.4316361852887272,-0.24471682924379487,-0.2918737241546465,-0.2891843331112601,0.0,1.0,0.0,0.0,0.0,0.0,0.0,0.0,0.0,0.0,0.0,0.0,0.0,0.0,0.0,0.0,0.0,0.0,0.0,0.0,0.0,0.0,0.0
-1.146799383637576,0.2866427054534163,-0.3620706793149721,-0.8989593018243993,-0.29867945114072364,-0.2014848393963144,-0.5065652709558631,-0.24471682924379487,1.652061953224844,3.0171565421274806,0.0,1.0,0.0,1.0,0.0,0.0,0.0,0.0,1.0,0.0,0.0,0.0,0.0,0.0,0.0,0.0,0.0,0.0,0.0,0.0,0.0,0.0,0.0
0.47240986076925745,-0.8943596725708697,1.0333253095056514,1.8946356293263955,-0.29867945114072364,-0.2014848393963144,-0.4316361852887272,-0.24471682924379487,-0.2918737241546465,-0.2891843331112601,0.0,1.0,0.0,0.0,0.0,0.0,0.0,0.0,0.0,0.0,0.0,0.0,0.0,0.0,0.0,0.0,0.0,0.0,0.0,0.0,0.0,0.0,0.0
0.35675205759734074,-0.3038584835587267,4.1729662843520545,-0.8989593018243993,-0.29867945114072364,-0.2014848393963144,-0.4316361852887272,-0.24471682924379487,-0.2918737241546465,-0.2891843331112601,0.0,1.0,0.0,0.0,0.0,0.0,0.0,0.0,0.0,0.0,0.0,0.0,0.0,0.0,0.0,0.0,0.0,0.0,0.0,0.0,0.0,0.0,0.0
-1.0311415804656594,-0.3038584835587267,-0.013221682109816231,-0.8989593018243993,-0.29867945114072364,-0.2014848393963144,-0.5065652709558631,-0.24471682924379487,-0.2918737241546465,-0.2891843331112601,0.0,1.0,0.0,0.0,0.0,0.0,0.0,0.0,0.0,0.0,0.0,0.0,0.0,0.0,0.0,0.0,0.0,0.0,0.0,0.0,0.0,0.0,0.0
0.47240986076925745,0.2866427054534163,-0.710919676520128,0.4978381637509981,3.4776019921699173,0.1303555807198394,-0.581494356622999,5.968092084639984,-0.2918737241546465,-0.2891843331112601,1.0,0.0,1.0,0.0,0.0,0.0,0.0,0.0,0.0,0.0,0.0,0.0,0.0,0.0,0.0,0.0,0.0,0.0,0.0,0.0,0.0,0.0,0.0
-0.3371947614341593,0.2866427054534163,0.33562731509533966,-0.2005605690367006,-0.29867945114072364,-0.2014848393963144,-0.533539741796032,-0.24471682924379487,-0.2918737241546465,-0.2891843331112601,0.0,1.0,0.0,0.0,0.0,0.0,0.0,0.0,0.0,0.0,0.0,0.0,0.0,0.0,0.0,0.0,0.0,0.0,0.0,0.0,0.0,0.0,0.0
1.397672286144591,0.8771438944655593,4.1729662843520545,-0.8989593018243993,-0.29867945114072364,-0.2014848393963144,-0.5575170492095154,-0.24471682924379487,-0.2918737241546465,-0.2891843331112601,0.0,1.0,0.0,0.0,0.0,0.0,0.0,0.0,0.0,0.0,0.0,0.0,0.0,0.0,0.0,0.0,0.0,0.0,0.0,0.0,0.0,0.0,0.0
0.8193832702850075,-0.3038584835587267,1.3821743067108072,-0.2005605690367006,-0.29867945114072364,-0.2014848393963144,-0.4825879635423796,-0.24471682924379487,-0.2918737241546465,-0.2891843331112601,0.0,1.0,0.0,0.0,0.0,0.0,0.0,0.0,0.0,0.0,0.0,0.0,0.0,0.0,0.0,0.0,0.0,0.0,0.0,0.0,0.0,0.0,0.0
-1.0311415804656594,0.2866427054534163,-1.0597686737252838,-0.2005605690367006,-0.29867945114072364,-0.2014848393963144,-0.581494356622999,-0.24471682924379487,-0.2918737241546465,-0.2891843331112601,0.0,0.0,0.0,0.0,0.0,0.0,0.0,0.0,0.0,0.0,0.0,0.0,0.0,0.0,0.0,0.0,0.0,0.0,0.0,0.0,0.0,0.0,1.0
0.8193832702850075,0.8771438944655593,0.33562731509533966,1.196236896538697,1.589461270514597,0.6281162108940701,-0.581494356622999,-0.24471682924379487,-0.2918737241546465,-0.2891843331112601,1.0,0.0,0.0,0.0,0.0,0.0,0.0,0.0,0.0,0.0,0.0,0.0,0.0,0.0,0.0,0.0,0.0,0.0,0.0,0.0,0.0,0.0,0.0
-0.5685103677779926,-0.3038584835587267,-0.3620706793149721,-0.2005605690367006,-0.29867945114072364,-0.2014848393963144,2.115952727393892,-0.24471682924379487,-0.2918737241546465,-0.2891843331112601,0.0,1.0,0.0,0.0,0.0,0.0,0.0,0.0,0.0,0.0,0.0,0.0,0.0,0.0,0.0,0.0,0.0,0.0,0.0,0.0,0.0,0.0,0.0
-0.2215369582622426,0.8771438944655593,-0.3620706793149721,0.4978381637509981,-0.29867945114072364,-0.2014848393963144,-0.2817780139544555,1.4496856018154178,-0.2918737241546465,-0.2891843331112601,0.0,1.0,1.0,0.0,0.0,0.0,0.0,0.0,0.0,0.0,0.0,0.0,0.0,0.0,0.0,0.0,0.0,0.0,0.0,0.0,0.0,1.0,0.0
0.2410942544254241,-0.8943596725708697,1.7310233039159633,-0.2005605690367006,-0.29867945114072364,-0.2014848393963144,-0.581494356622999,-0.24471682924379487,-0.2918737241546465,-0.2891843331112601,0.0,0.0,0.0,0.0,0.0,0.0,0.0,0.0,0.0,0.0,0.0,0.0,0.0,0.0,0.0,0.0,0.0,0.0,0.0,0.0,0.0,0.0,0.0
0.47240986076925745,-0.3038584835587267,0.33562731509533966,1.196236896538697,-0.29867945114072364,-0.2014848393963144,0.31765467138263137,-0.24471682924379487,-0.2918737241546465,-0.2891843331112601,0.0,1.0,0.0,0.0,0.0,0.0,0.0,0.0,0.0,0.0,0.0,0.0,0.0,0.0,0.0,0.0,0.0,0.0,0.0,0.0,0.0,0.0,0.0
1.1663566798007574,0.2866427054534163,-0.013221682109816231,1.8946356293263955,0.00034844169890144334,0.011391672679275591,2.4156690700624353,-0.24471682924379487,1.652061953224844,-0.2891843331112601,1.0,1.0,0.0,1.0,0.0,0.0,0.0,0.0,1.0,0.0,0.0,0.0,0.0,0.0,0.0,0.0,0.0,0.0,0.0,0.0,0.0,0.0,0.0
-0.5685103677779926,-0.3038584835587267,0.33562731509533966,-0.8989593018243993,-0.29867945114072364,-0.2014848393963144,-0.581494356622999,-0.24471682924379487,-0.2918737241546465,-0.2891843331112601,0.0,0.0,0.0,0.0,0.0,0.0,0.0,0.0,0.0,0.0,0.0,0.0,0.0,0.0,0.0,0.0,0.0,0.0,0.0,0.0,0.0,0.0,0.0
-0.6841681709499093,-0.8943596725708697,-0.710919676520128,-0.2005605690367006,-0.29867945114072364,-0.2014848393963144,-0.5065652709558631,-0.24471682924379487,-0.2918737241546465,-0.2891843331112601,0.0,1.0,0.0,0.0,0.0,0.0,0.0,0.0,0.0,0.0,0.0,0.0,0.0,0.0,0.0,0.0,0.0,0.0,0.0,0.0,0.0,0.0,0.0
0.9350410734569241,0.2866427054534163,-0.3620706793149721,0.4978381637509981,-0.29867945114072364,-0.2014848393963144,-0.581494356622999,-0.24471682924379487,-0.2918737241546465,-0.2891843331112601,0.0,0.0,0.0,0.0,0.0,0.0,0.0,0.0,0.0,0.0,0.0,0.0,0.0,0.0,0.0,0.0,0.0,0.0,0.0,0.0,0.0,0.0,0.0
0.47240986076925745,0.2866427054534163,1.0333253095056514,-0.8989593018243993,-0.29867945114072364,-0.2014848393963144,0.31765467138263137,-0.24471682924379487,-0.2918737241546465,-0.2891843331112601,0.0,1.0,0.0,0.0,0.0,0.0,0.0,0.0,0.0,0.0,0.0,0.0,0.0,0.0,0.0,0.0,0.0,0.0,0.0,0.0,0.0,0.0,0.0
-1.3781149899814094,-0.8943596725708697,-1.4086176709304397,-0.8989593018243993,-0.06266186093380857,-0.1807448131390548,-0.4316361852887272,-0.24471682924379487,-0.2918737241546465,-0.2891843331112601,1.0,1.0,0.0,0.0,0.0,0.0,0.0,0.0,0.0,0.0,0.0,0.0,0.0,0.0,0.0,0.0,0.0,0.0,0.0,0.0,0.0,0.0,0.0
0.9350410734569241,0.8771438944655593,-0.3620706793149721,1.196236896538697,-0.29867945114072364,-0.2014848393963144,-0.581494356622999,-0.24471682924379487,-0.2918737241546465,-0.2891843331112601,0.0,0.0,0.0,0.0,0.0,0.0,0.0,0.0,0.0,0.0,0.0,0.0,0.0,0.0,0.0,0.0,0.0,0.0,0.0,0.0,0.0,0.0,0.0
0.47240986076925745,0.2866427054534163,-0.710919676520128,2.593034362114094,-0.1806706560372661,-0.19111482626768458,1.2168036993882616,-0.24471682924379487,-0.2918737241546465,-0.2891843331112601,1.0,1.0,0.0,0.0,0.0,0.0,0.0,0.0,0.0,0.0,0.0,0.0,0.0,0.0,0.0,0.0,0.0,0.0,0.0,0.0,0.0,0.0,0.0
2.438592514691841,0.8771438944655593,-0.3620706793149721,1.196236896538697,-0.29867945114072364,-0.2014848393963144,2.4156690700624353,0.32008398110927605,-0.2918737241546465,-0.2891843331112601,0.0,1.0,1.0,0.0,0.0,0.0,0.0,0.0,0.0,0.0,0.0,0.0,0.0,0.0,0.0,0.0,0.0,0.0,0.0,0.0,0.0,1.0,0.0
-1.146799383637576,-0.8943596725708697,-0.710919676520128,-0.2005605690367006,-0.29867945114072364,-0.2014848393963144,-0.581494356622999,-0.24471682924379487,-0.2918737241546465,-0.2891843331112601,0.0,0.0,0.0,0.0,0.0,0.0,0.0,0.0,0.0,0.0,0.0,0.0,0.0,0.0,0.0,0.0,0.0,0.0,0.0,0.0,0.0,0.0,0.0
2.6699081210356743,-0.3038584835587267,-0.013221682109816231,3.291433094901793,-0.29867945114072364,-0.2014848393963144,0.9170873567197182,-0.24471682924379487,-0.2918737241546465,-0.2891843331112601,0.0,1.0,0.0,0.0,0.0,0.0,0.0,0.0,0.0,0.0,0.0,0.0,0.0,0.0,0.0,0.0,0.0,0.0,0.0,0.0,0.0,0.0,0.0
-1.146799383637576,-0.3038584835587267,-0.710919676520128,-0.2005605690367006,-0.29867945114072364,-0.2014848393963144,-0.533539741796032,-0.24471682924379487,-0.2918737241546465,-0.2891843331112601,0.0,1.0,0.0,0.0,0.0,0.0,0.0,0.0,0.0,0.0,0.0,0.0,0.0,0.0,0.0,0.0,0.0,0.0,0.0,0.0,0.0,0.0,0.0
0.35675205759734074,-0.8943596725708697,2.079872301121119,-0.8989593018243993,-0.29867945114072364,-0.2014848393963144,-0.5575170492095154,-0.24471682924379487,-0.2918737241546465,-0.2891843331112601,0.0,1.0,0.0,0.0,0.0,0.0,0.0,0.0,0.0,0.0,0.0,0.0,0.0,0.0,0.0,0.0,0.0,0.0,0.0,0.0,0.0,0.0,0.0
0.009778648081590747,0.8771438944655593,-0.3620706793149721,-0.2005605690367006,-0.29867945114072364,-0.2014848393963144,-0.581494356622999,-0.24471682924379487,-0.2918737241546465,-0.2891843331112601,0.0,0.0,0.0,0.0,0.0,0.0,0.0,0.0,0.0,0.0,0.0,0.0,0.0,0.0,0.0,0.0,0.0,0.0,0.0,0.0,0.0,0.0,0.0
0.9350410734569241,0.2866427054534163,1.0333253095056514,1.8946356293263955,4.185654762790662,7.679725138362339,0.6173710140511748,-0.24471682924379487,-0.2918737241546465,-0.2891843331112601,1.0,1.0,0.0,0.0,0.0,0.0,0.0,0.0,0.0,0.0,0.0,0.0,0.0,0.0,0.0,0.0,0.0,0.0,0.0,0.0,0.0,0.0,0.0
-0.10587915509032593,-0.3038584835587267,0.6844763123004955,0.4978381637509981,-0.29867945114072364,-0.2014848393963144,-0.2817780139544555,-0.24471682924379487,-0.2918737241546465,-0.2891843331112601,0.0,1.0,0.0,0.0,0.0,0.0,0.0,0.0,0.0,0.0,0.0,0.0,0.0,0.0,0.0,0.0,0.0,0.0,0.0,0.0,0.0,0.0,0.0
1.1663566798007574,0.2866427054534163,-0.013221682109816231,0.4978381637509981,-0.29867945114072364,-0.2014848393963144,0.31765467138263137,4.273689653580772,-0.2918737241546465,-0.2891843331112601,0.0,1.0,1.0,0.0,0.0,0.0,0.0,0.0,0.0,0.0,0.0,0.0,0.0,0.0,0.0,0.0,0.0,0.0,0.0,0.0,0.0,0.0,0.0
-1.0311415804656594,2.648647461501988,-0.3620706793149721,-0.8989593018243993,0.8814084998938517,1.872517786329647,0.01793832871408793,-0.24471682924379487,3.5959976306043346,3.0171565421274806,1.0,1.0,0.0,1.0,1.0,0.0,0.0,1.0,0.0,0.0,0.0,0.0,0.0,0.0,0.0,0.0,0.0,0.0,0.0,0.0,0.0,0.0,0.0
0.8193832702850075,-0.8943596725708697,-0.013221682109816231,-1.597358034612098,-0.29867945114072364,-0.2014848393963144,-0.581494356622999,-0.24471682924379487,-0.2918737241546465,-0.2891843331112601,0.0,0.0,0.0,0.0,0.0,0.0,0.0,0.0,0.0,0.0,0.0,0.0,0.0,0.0,0.0,0.0,0.0,0.0,0.0,0.0,0.0,0.0,0.0
-1.146799383637576,-0.8943596725708697,-0.013221682109816231,-0.8989593018243993,-0.29867945114072364,-0.2014848393963144,-0.581494356622999,-0.24471682924379487,-0.2918737241546465,-0.2891843331112601,0.0,0.0,0.0,0.0,0.0,0.0,0.0,0.0,0.0,0.0,0.0,0.0,0.0,0.0,0.0,0.0,0.0,0.0,0.0,0.0,0.0,0.0,0.0
-0.6841681709499093,-0.8943596725708697,0.33562731509533966,-0.8989593018243993,-0.29867945114072364,-0.2014848393963144,-0.5065652709558631,-0.24471682924379487,-0.2918737241546465,-0.2891843331112601,0.0,1.0,0.0,0.0,0.0,0.0,0.0,0.0,0.0,0.0,0.0,0.0,0.0,0.0,0.0,0.0,0.0,0.0,0.0,0.0,0.0,0.0,0.0
0.35675205759734074,-0.8943596725708697,-0.013221682109816231,0.4978381637509981,-0.29867945114072364,-0.2014848393963144,0.6173710140511748,-0.24471682924379487,-0.2918737241546465,-0.2891843331112601,0.0,1.0,0.0,0.0,0.0,0.0,0.0,0.0,0.0,0.0,0.0,0.0,0.0,0.0,0.0,0.0,0.0,0.0,0.0,0.0,1.0,1.0,0.0
0.9350410734569241,-0.8943596725708697,1.3821743067108072,-0.8989593018243993,-0.29867945114072364,-0.2014848393963144,0.9170873567197182,-0.24471682924379487,-0.2918737241546465,-0.2891843331112601,0.0,1.0,0.0,0.0,0.0,0.0,0.0,0.0,0.0,0.0,0.0,0.0,0.0,0.0,0.0,0.0,0.0,0.0,0.0,0.0,0.0,0.0,0.0
-0.6841681709499093,1.4676450834777024,-1.4086176709304397,0.4978381637509981,0.00034844169890144334,0.011391672679275591,-0.35670709962159136,-0.24471682924379487,-0.2918737241546465,-0.2891843331112601,1.0,1.0,0.0,0.0,0.0,0.0,0.0,0.0,0.0,0.0,0.0,0.0,0.0,0.0,0.0,0.0,0.0,0.0,1.0,0.0,0.0,0.0,0.0
0.8193832702850075,-0.3038584835587267,-0.013221682109816231,0.4978381637509981,-0.29867945114072364,-0.2014848393963144,2.115952727393892,3.14408803287463,-0.2918737241546465,-0.2891843331112601,0.0,1.0,1.0,0.0,0.0,0.0,0.0,0.0,0.0,0.0,0.0,0.0,0.0,0.0,0.0,0.0,0.0,0.0,0.0,0.0,0.0,1.0,0.0
0.47240986076925745,-0.8943596725708697,-0.710919676520128,1.8946356293263955,-0.29867945114072364,-0.2014848393963144,-0.13191984262018377,-0.24471682924379487,-0.2918737241546465,-0.2891843331112601,0.0,1.0,0.0,0.0,0.0,0.0,0.0,0.0,0.0,0.0,0.0,0.0,0.0,0.0,0.0,0.0,0.0,0.0,0.0,0.0,0.0,0.0,0.0
-1.3781149899814094,-0.3038584835587267,-1.0597686737252838,-0.8989593018243993,-0.29867945114072364,-0.2014848393963144,-0.533539741796032,-0.24471682924379487,-0.2918737241546465,-0.2891843331112601,0.0,1.0,0.0,0.0,0.0,0.0,0.0,0.0,0.0,0.0,0.0,0.0,0.0,0.0,0.0,0.0,0.0,0.0,0.0,0.0,0.0,0.0,0.0
-0.799825974121826,-0.3038584835587267,-0.3620706793149721,-0.8989593018243993,-0.29867945114072364,-0.2014848393963144,-0.2817780139544555,-0.24471682924379487,-0.2918737241546465,-0.2891843331112601,0.0,1.0,0.0,0.0,0.0,0.0,0.0,0.0,0.0,0.0,0.0,0.0,0.0,0.0,0.0,0.0,0.0,0.0,0.0,0.0,0.0,0.0,0.0
0.009778648081590747,-0.3038584835587267,-0.710919676520128,0.4978381637509981,-0.29867945114072364,-0.2014848393963144,1.2168036993882616,-0.24471682924379487,-0.2918737241546465,-0.2891843331112601,0.0,1.0,0.0,0.0,0.0,0.0,0.0,0.0,0.0,0.0,0.0,0.0,0.0,0.0,0.0,0.0,0.0,0.0,0.0,0.0,0.0,0.0,0.0
-0.2215369582622426,-0.3038584835587267,0.33562731509533966,-0.2005605690367006,-0.29867945114072364,-0.2014848393963144,-0.4316361852887272,-0.24471682924379487,-0.2918737241546465,-0.2891843331112601,0.0,1.0,0.0,0.0,0.0,0.0,0.0,0.0,0.0,0.0,0.0,0.0,0.0,0.0,0.0,0.0,0.0,0.0,0.0,0.0,0.0,0.0,0.0
-1.146799383637576,-0.3038584835587267,-0.710919676520128,-0.8989593018243993,-0.29867945114072364,-0.2014848393963144,-0.581494356622999,-0.24471682924379487,-0.2918737241546465,-0.2891843331112601,0.0,0.0,0.0,0.0,0.0,0.0,0.0,0.0,0.0,0.0,0.0,0.0,0.0,0.0,0.0,0.0,0.0,0.0,0.0,0.0,1.0,1.0,0.0
-1.3781149899814094,-0.3038584835587267,-1.0597686737252838,-0.8989593018243993,-0.29867945114072364,-0.2014848393963144,-0.581494356622999,-0.24471682924379487,-0.2918737241546465,-0.2891843331112601,0.0,0.0,0.0,0.0,0.0,0.0,0.0,0.0,0.0,0.0,0.0,0.0,0.0,0.0,0.0,0.0,0.0,0.0,0.0,0.0,0.0,0.0,0.0
-0.3371947614341593,-0.3038584835587267,0.6844763123004955,-0.8989593018243993,-0.29867945114072364,-0.2014848393963144,1.2168036993882616,-0.24471682924379487,-0.2918737241546465,-0.2891843331112601,0.0,1.0,0.0,0.0,0.0,0.0,0.0,0.0,0.0,0.0,0.0,0.0,0.0,0.0,0.0,0.0,0.0,0.0,0.0,0.0,0.0,0.0,0.0
-0.9154837772937426,0.8771438944655593,-0.710919676520128,-0.8989593018243993,-0.29867945114072364,-0.2014848393963144,-0.4556134927022107,-0.24471682924379487,-0.2918737241546465,-0.2891843331112601,0.0,1.0,0.0,0.0,0.0,0.0,0.0,0.0,0.0,0.0,0.0,0.0,0.0,0.0,0.0,0.0,0.0,0.0,0.0,0.0,0.0,0.0,0.0
0.1254364512535074,1.4676450834777024,-1.0597686737252838,1.196236896538697,-0.29867945114072364,-0.2014848393963144,0.31765467138263137,-0.24471682924379487,-0.2918737241546465,-0.2891843331112601,0.0,1.0,0.0,0.0,0.0,0.0,0.0,0.0,0.0,0.0,0.0,0.0,0.0,0.0,0.0,0.0,0.0,0.0,0.0,0.0,0.0,0.0,0.0
-0.4528525646060759,0.2866427054534163,-0.013221682109816231,-0.8989593018243993,-0.29867945114072364,-0.2014848393963144,-0.2817780139544555,-0.24471682924379487,-0.2918737241546465,-0.2891843331112601,0.0,1.0,0.0,0.0,0.0,0.0,0.0,0.0,0.0,0.0,0.0,0.0,0.0,0.0,0.0,0.0,0.0,0.0,0.0,0.0,0.0,0.0,0.0
-0.799825974121826,-0.3038584835587267,0.33562731509533966,-0.8989593018243993,2.769549221549172,2.7021188366200315,-0.581494356622999,-0.24471682924379487,3.5959976306043346,3.0171565421274806,1.0,0.0,0.0,1.0,0.0,0.0,0.0,0.0,0.0,0.0,0.0,0.0,0.0,1.0,1.0,0.0,0.0,0.0,0.0,0.0,0.0,0.0,0.0
0.47240986076925745,-0.3038584835587267,1.0333253095056514,-0.2005605690367006,1.825478860721512,1.6651175237570508,1.2168036993882616,-0.24471682924379487,3.5959976306043346,3.0171565421274806,1.0,1.0,0.0,1.0,1.0,0.0,0.0,1.0,0.0,0.0,0.0,0.0,0.0,0.0,0.0,0.0,0.0,0.0,0.0,0.0,0.0,0.0,0.0
-1.146799383637576,-0.3038584835587267,-0.710919676520128,-0.2005605690367006,-0.29867945114072364,-0.2014848393963144,-0.4316361852887272,-0.24471682924379487,-0.2918737241546465,-0.2891843331112601,0.0,1.0,0.0,0.0,0.0,0.0,0.0,0.0,0.0,0.0,0.0,0.0,0.0,0.0,0.0,0.0,0.0,0.0,0.0,0.0,0.0,0.0,0.0
-1.146799383637576,-0.3038584835587267,-0.710919676520128,-0.8989593018243993,-0.29867945114072364,-0.2014848393963144,-0.4825879635423796,-0.24471682924379487,-0.2918737241546465,-0.2891843331112601,0.0,1.0,0.0,0.0,0.0,0.0,0.0,0.0,0.0,0.0,0.0,0.0,0.0,0.0,0.0,0.0,0.0,0.0,0.0,0.0,0.0,0.0,0.0
-0.799825974121826,-0.8943596725708697,1.0333253095056514,-0.8989593018243993,-0.29867945114072364,-0.2014848393963144,-0.5065652709558631,-0.24471682924379487,-0.2918737241546465,-0.2891843331112601,0.0,1.0,0.0,0.0,0.0,0.0,0.0,0.0,0.0,0.0,0.0,0.0,0.0,0.0,0.0,0.0,0.0,0.0,0.0,0.0,0.0,0.0,0.0
1.0506988766288408,-0.3038584835587267,-0.013221682109816231,-0.8989593018243993,-0.29867945114072364,-0.2014848393963144,-0.581494356622999,-0.24471682924379487,-0.2918737241546465,-0.2891843331112601,0.0,0.0,0.0,0.0,0.0,0.0,0.0,0.0,0.0,0.0,0.0,0.0,0.0,0.0,0.0,0.0,0.0,0.0,0.0,0.0,0.0,0.0,0.0
-0.10587915509032593,-0.8943596725708697,0.33562731509533966,-0.2005605690367006,-0.29867945114072364,-0.2014848393963144,-0.581494356622999,-0.24471682924379487,-0.2918737241546465,-0.2891843331112601,0.0,0.0,0.0,0.0,0.0,0.0,0.0,0.0,0.0,0.0,0.0,0.0,0.0,0.0,0.0,0.0,0.0,0.0,0.0,0.0,0.0,0.0,0.0
-1.0311415804656594,-0.8943596725708697,-0.013221682109816231,-0.2005605690367006,-0.29867945114072364,-0.2014848393963144,-0.5065652709558631,-0.24471682924379487,-0.2918737241546465,-0.2891843331112601,0.0,1.0,0.0,0.0,0.0,0.0,0.0,0.0,0.0,0.0,0.0,0.0,0.0,0.0,0.0,0.0,0.0,0.0,0.0,0.0,0.0,0.0,0.0
-0.799825974121826,-0.8943596725708697,-0.710919676520128,-0.2005605690367006,-0.29867945114072364,-0.2014848393963144,-0.4556134927022107,-0.24471682924379487,-0.2918737241546465,-0.2891843331112601,0.0,1.0,0.0,0.0,0.0,0.0,0.0,0.0,0.0,0.0,0.0,0.0,0.0,0.0,0.0,0.0,0.0,0.0,0.0,0.0,0.0,0.0,0.0
-0.4528525646060759,0.2866427054534163,-0.013221682109816231,-0.8989593018243993,0.00034844169890144334,0.011391672679275591,-0.581494356622999,-0.24471682924379487,-0.2918737241546465,-0.2891843331112601,1.0,0.0,0.0,0.0,0.0,0.0,0.0,0.0,0.0,0.0,0.0,0.0,0.0,0.0,0.0,0.0,0.0,0.0,0.0,0.0,0.0,0.0,0.0
0.8193832702850075,0.2866427054534163,-0.710919676520128,1.8946356293263955,-0.2609166367076172,-0.2010700388711692,1.516520042056805,-0.24471682924379487,-0.2918737241546465,-0.2891843331112601,1.0,1.0,0.0,0.0,0.0,0.0,0.0,0.0,0.0,0.0,0.0,0.0,0.0,0.0,0.0,0.0,0.0,0.0,0.0,0.0,0.0,0.0,0.0
0.8193832702850075,-0.3038584835587267,-0.710919676520128,1.8946356293263955,-0.29867945114072364,-0.2014848393963144,-0.4316361852887272,-0.24471682924379487,-0.2918737241546465,-0.2891843331112601,0.0,1.0,0.0,0.0,0.0,0.0,0.0,0.0,0.0,0.0,0.0,0.0,0.0,0.0,0.0,0.0,0.0,0.0,0.0,0.0,0.0,0.0,0.0
1.9759613020041742,-0.3038584835587267,2.7775702955314308,-0.8989593018243993,-0.29867945114072364,-0.2014848393963144,-0.581494356622999,-0.24471682924379487,-0.2918737241546465,-0.2891843331112601,0.0,0.0,0.0,0.0,0.0,0.0,0.0,0.0,0.0,0.0,0.0,0.0,0.0,0.0,0.0,0.0,0.0,0.0,0.0,0.0,0.0,0.0,0.0
-1.3781149899814094,-0.8943596725708697,-1.0597686737252838,-0.2005605690367006,-0.29867945114072364,-0.2014848393963144,-0.5575170492095154,-0.24471682924379487,-0.2918737241546465,-0.2891843331112601,0.0,1.0,0.0,0.0,0.0,0.0,0.0,0.0,0.0,0.0,0.0,0.0,0.0,0.0,0.0,0.0,0.0,0.0,0.0,0.0,0.0,0.0,0.0
-0.5685103677779926,-0.3038584835587267,-0.013221682109816231,0.4978381637509981,-0.29867945114072364,-0.2014848393963144,-0.4316361852887272,-0.24471682924379487,-0.2918737241546465,-0.2891843331112601,0.0,1.0,0.0,0.0,0.0,0.0,0.0,0.0,0.0,0.0,0.0,0.0,0.0,0.0,0.0,0.0,0.0,0.0,0.0,0.0,0.0,0.0,0.0
-0.9154837772937426,-0.8943596725708697,-1.0597686737252838,-0.2005605690367006,-0.29867945114072364,-0.2014848393963144,-0.13191984262018377,-0.24471682924379487,-0.2918737241546465,-0.2891843331112601,0.0,1.0,0.0,0.0,0.0,0.0,0.0,0.0,0.0,0.0,0.0,0.0,0.0,0.0,0.0,0.0,0.0,0.0,0.0,0.0,0.0,0.0,0.0
2.5542503178637577,0.2866427054534163,-0.710919676520128,-0.2005605690367006,-0.29867945114072364,-0.2014848393963144,-0.581494356622999,-0.24471682924379487,-0.2918737241546465,-0.2891843331112601,0.0,0.0,0.0,0.0,0.0,0.0,0.0,0.0,0.0,0.0,0.0,0.0,0.0,0.0,0.0,0.0,0.0,0.0,0.0,0.0,0.0,0.0,0.0
-0.4528525646060759,0.8771438944655593,0.33562731509533966,-0.8989593018243993,0.6453909096869367,0.011391672679275591,0.01793832871408793,-0.24471682924379487,-0.2918737241546465,-0.2891843331112601,1.0,1.0,0.0,0.0,0.0,0.0,0.0,0.0,0.0,0.0,0.0,0.0,0.0,0.0,0.0,0.0,0.0,0.0,0.0,0.0,0.0,0.0,0.0
-0.10587915509032593,-0.3038584835587267,1.0333253095056514,-0.2005605690367006,-0.29867945114072364,-0.2014848393963144,1.2168036993882616,-0.24471682924379487,-0.2918737241546465,-0.2891843331112601,0.0,1.0,0.0,0.0,0.0,0.0,0.0,0.0,0.0,0.0,0.0,0.0,0.0,0.0,0.0,0.0,0.0,0.0,0.0,0.0,0.0,0.0,0.0
0.47240986076925745,0.2866427054534163,0.6844763123004955,-0.8989593018243993,-0.29867945114072364,-0.2014848393963144,-0.5575170492095154,4.273689653580772,-0.2918737241546465,-0.2891843331112601,0.0,1.0,1.0,0.0,0.0,0.0,0.0,0.0,0.0,0.0,0.0,0.0,0.0,0.0,0.0,0.0,1.0,0.0,0.0,1.0,0.0,0.0,0.0
1.8603034988322575,0.2866427054534163,-0.710919676520128,3.9898318276894917,-0.29867945114072364,-0.2014848393963144,0.31765467138263137,-0.24471682924379487,-0.2918737241546465,-0.2891843331112601,0.0,1.0,0.0,0.0,0.0,0.0,0.0,0.0,0.0,0.0,0.0,0.0,0.0,0.0,0.0,0.0,0.0,0.0,0.0,0.0,0.0,0.0,0.0
-0.9154837772937426,-0.8943596725708697,-1.0597686737252838,-1.597358034612098,-0.29867945114072364,-0.2014848393963144,-0.581494356622999,-0.24471682924379487,-0.2918737241546465,-0.2891843331112601,0.0,0.0,0.0,0.0,0.0,0.0,0.0,0.0,0.0,0.0,0.0,0.0,0.0,0.0,0.0,0.0,0.0,0.0,0.0,0.0,0.0,0.0,0.0
-0.6841681709499093,0.2866427054534163,-1.0597686737252838,0.4978381637509981,-0.29867945114072364,-0.2014848393963144,-0.2817780139544555,-0.24471682924379487,-0.2918737241546465,-0.2891843331112601,0.0,1.0,0.0,0.0,0.0,0.0,0.0,0.0,0.0,0.0,0.0,0.0,0.0,0.0,0.0,0.0,0.0,0.0,0.0,0.0,1.0,1.0,0.0
-0.4528525646060759,-0.3038584835587267,-1.0597686737252838,3.291433094901793,0.00034844169890144334,0.011391672679275591,-0.4316361852887272,-0.24471682924379487,-0.2918737241546465,-0.2891843331112601,1.0,1.0,0.0,0.0,0.0,0.0,0.0,0.0,0.0,0.0,0.0,0.0,0.0,0.0,0.0,0.0,0.0,0.0,0.0,0.0,0.0,0.0,0.0
-1.0311415804656594,0.8771438944655593,-0.710919676520128,-0.8989593018243993,-0.29867945114072364,-0.2014848393963144,-0.581494356622999,-0.24471682924379487,-0.2918737241546465,-0.2891843331112601,0.0,0.0,0.0,0.0,0.0,0.0,0.0,0.0,0.0,0.0,0.0,0.0,0.0,0.0,0.0,0.0,0.0,0.0,0.0,0.0,0.0,0.0,0.0
0.2410942544254241,1.4676450834777024,-0.013221682109816231,2.593034362114094,0.00034844169890144334,0.3377558432924356,-0.4316361852887272,-0.24471682924379487,1.652061953224844,3.0171565421274806,1.0,1.0,0.0,1.0,0.0,0.0,0.0,0.0,1.0,0.0,0.0,0.0,0.0,0.0,0.0,0.0,0.0,0.0,0.0,0.0,0.0,0.0,0.0
-0.5685103677779926,-0.3038584835587267,-1.0597686737252838,0.4978381637509981,-0.29867945114072364,-0.2014848393963144,1.516520042056805,-0.24471682924379487,-0.2918737241546465,-0.2891843331112601,0.0,1.0,0.0,0.0,0.0,0.0,0.0,0.0,0.0,0.0,0.0,0.0,0.0,0.0,0.0,0.0,0.0,0.0,0.0,0.0,0.0,0.0,0.0
0.009778648081590747,-0.3038584835587267,-0.710919676520128,0.4978381637509981,-0.29867945114072364,-0.2014848393963144,-0.581494356622999,-0.24471682924379487,-0.2918737241546465,-0.2891843331112601,0.0,0.0,0.0,0.0,0.0,0.0,0.0,0.0,0.0,0.0,0.0,0.0,0.0,0.0,0.0,0.0,0.0,0.0,0.0,0.0,0.0,0.0,0.0
1.6289878924884242,-0.3038584835587267,-0.710919676520128,2.593034362114094,-0.29867945114072364,-0.2014848393963144,5.41283249674787,-0.24471682924379487,-0.2918737241546465,-0.2891843331112601,0.0,1.0,0.0,0.0,0.0,0.0,0.0,0.0,0.0,0.0,0.0,0.0,0.0,0.0,0.0,0.0,0.0,0.0,0.0,0.0,0.0,0.0,0.0
-1.6094305963252427,-0.8943596725708697,-1.4086176709304397,-1.597358034612098,-0.29867945114072364,-0.2014848393963144,-0.581494356622999,-0.24471682924379487,-0.2918737241546465,-0.2891843331112601,0.0,0.0,0.0,0.0,0.0,0.0,0.0,0.0,0.0,0.0,0.0,0.0,0.0,0.0,0.0,0.0,0.0,0.0,0.0,0.0,0.0,0.0,0.0
0.2410942544254241,0.2866427054534163,-1.0597686737252838,-0.2005605690367006,-0.29867945114072364,-0.2014848393963144,0.01793832871408793,0.26925190817749967,-0.2918737241546465,-0.2891843331112601,0.0,1.0,1.0,0.0,0.0,0.0,0.0,0.0,0.0,0.0,0.0,0.0,0.0,0.0,0.0,0.0,0.0,0.0,0.0,0.0,1.0,1.0,0.0
0.35675205759734074,-0.3038584835587267,1.7310233039159633,-0.2005605690367006,-0.29867945114072364,-0.2014848393963144,-0.5575170492095154,-0.24471682924379487,-0.2918737241546465,-0.2891843331112601,0.0,1.0,0.0,0.0,0.0,0.0,0.0,0.0,0.0,0.0,0.0,0.0,0.0,0.0,0.0,0.0,0.0,0.0,0.0,0.0,0.0,0.0,0.0
-0.6841681709499093,0.2866427054534163,-0.013221682109816231,-0.8989593018243993,-0.29867945114072364,-0.2014848393963144,-0.581494356622999,-0.24471682924379487,-0.2918737241546465,-0.2891843331112601,0.0,0.0,0.0,0.0,0.0,0.0,0.0,0.0,0.0,0.0,0.0,0.0,0.0,0.0,0.0,0.0,0.0,0.0,0.0,0.0,0.0,1.0,0.0
-1.146799383637576,-0.3038584835587267,-0.710919676520128,-0.8989593018243993,-0.29867945114072364,-0.2014848393963144,-0.581494356622999,-0.24471682924379487,-0.2918737241546465,-0.2891843331112601,0.0,0.0,0.0,0.0,0.0,0.0,0.0,0.0,0.0,0.0,0.0,0.0,0.0,0.0,0.0,0.0,0.0,0.0,0.0,0.0,0.0,0.0,0.0
-0.9154837772937426,-0.3038584835587267,-0.3620706793149721,-0.2005605690367006,-0.06266186093380857,-0.18489281839050672,-0.4316361852887272,-0.24471682924379487,-0.2918737241546465,-0.2891843331112601,1.0,1.0,0.0,0.0,0.0,0.0,0.0,0.0,0.0,0.0,0.0,0.0,0.0,0.0,0.0,0.0,0.0,0.0,0.0,0.0,0.0,0.0,0.0
0.8193832702850075,-0.8943596725708697,1.0333253095056514,-0.8989593018243993,-0.29867945114072364,-0.2014848393963144,0.6173710140511748,-0.24471682924379487,-0.2918737241546465,-0.2891843331112601,0.0,1.0,0.0,0.0,0.0,0.0,0.0,0.0,0.0,0.0,0.0,0.0,0.0,0.0,0.0,0.0,0.0,0.0,0.0,0.0,0.0,0.0,0.0
-0.3371947614341593,-0.3038584835587267,-0.3620706793149721,-0.8989593018243993,1.1174260901007669,0.2962757907779163,1.8162363847253484,-0.24471682924379487,-0.2918737241546465,-0.2891843331112601,1.0,1.0,0.0,0.0,0.0,0.0,0.0,0.0,0.0,0.0,0.0,0.0,0.0,0.0,0.0,0.0,0.0,0.0,0.0,0.0,0.0,0.0,0.0
-1.146799383637576,1.4676450834777024,-0.710919676520128,-0.8989593018243993,-0.29867945114072364,-0.2014848393963144,-0.581494356622999,-0.24471682924379487,-0.2918737241546465,-0.2891843331112601,0.0,0.0,0.0,0.0,0.0,0.0,0.0,0.0,0.0,0.0,0.0,0.0,0.0,0.0,0.0,0.0,0.0,0.0,0.0,0.0,0.0,0.0,0.0
-1.0311415804656594,-0.8943596725708697,-0.3620706793149721,-0.2005605690367006,-0.29867945114072364,-0.2014848393963144,-0.581494356622999,-0.24471682924379487,3.5959976306043346,3.0171565421274806,0.0,0.0,0.0,1.0,1.0,0.0,0.0,1.0,0.0,0.0,0.0,0.0,0.0,0.0,0.0,0.0,0.0,0.0,0.0,0.0,0.0,0.0,0.0
-1.2624571868094927,-0.8943596725708697,-0.710919676520128,-0.8989593018243993,-0.29867945114072364,-0.2014848393963144,-0.2817780139544555,-0.24471682924379487,-0.2918737241546465,-0.2891843331112601,0.0,1.0,0.0,0.0,0.0,0.0,0.0,0.0,0.0,0.0,0.0,0.0,0.0,0.0,0.0,0.0,0.0,0.0,0.0,0.0,0.0,1.0,0.0
-0.4528525646060759,-0.3038584835587267,0.6844763123004955,-0.2005605690367006,-0.29867945114072364,-0.2014848393963144,-0.4316361852887272,-0.24471682924379487,-0.2918737241546465,-0.2891843331112601,0.0,1.0,0.0,0.0,0.0,0.0,0.0,0.0,0.0,0.0,0.0,0.0,0.0,0.0,0.0,0.0,0.0,0.0,0.0,0.0,0.0,0.0,0.0
0.1254364512535074,0.2866427054534163,-0.3620706793149721,1.8946356293263955,4.8937075334114075,8.924126713797916,-0.5065652709558631,-0.24471682924379487,-0.2918737241546465,-0.2891843331112601,1.0,1.0,0.0,0.0,0.0,0.0,0.0,0.0,0.0,0.0,0.0,0.0,0.0,0.0,0.0,0.0,0.0,0.0,0.0,0.0,0.0,0.0,0.0
-0.799825974121826,-0.3038584835587267,-0.3620706793149721,-0.2005605690367006,-0.29867945114072364,-0.2014848393963144,-0.581494356622999,-0.24471682924379487,-0.2918737241546465,-0.2891843331112601,0.0,0.0,0.0,0.0,0.0,0.0,0.0,0.0,0.0,0.0,0.0,0.0,0.0,0.0,0.0,0.0,0.0,0.0,0.0,0.0,0.0,0.0,0.0
-0.4528525646060759,-0.8943596725708697,-0.013221682109816231,-0.2005605690367006,-0.29867945114072364,-0.2014848393963144,1.2168036993882616,-0.24471682924379487,-0.2918737241546465,-0.2891843331112601,0.0,1.0,0.0,0.0,0.0,0.0,0.0,0.0,0.0,0.0,0.0,0.0,0.0,0.0,0.0,0.0,0.0,0.0,0.0,0.0,1.0,1.0,0.0
0.1254364512535074,-0.3038584835587267,0.6844763123004955,-0.2005605690367006,-0.29867945114072364,-0.2014848393963144,-0.4556134927022107,1.4496856018154178,3.5959976306043346,3.0171565421274806,0.0,1.0,1.0,1.0,1.0,0.0,0.0,1.0,0.0,0.0,0.0,0.0,0.0,0.0,0.0,0.0,0.0,0.0,0.0,0.0,1.0,1.0,0.0
0.009778648081590747,-0.8943596725708697,-0.013221682109816231,-0.8989593018243993,-0.29867945114072364,-0.2014848393963144,0.6173710140511748,-0.24471682924379487,-0.2918737241546465,-0.2891843331112601,0.0,1.0,0.0,0.0,0.0,0.0,0.0,0.0,0.0,0.0,0.0,0.0,0.0,0.0,0.0,0.0,0.0,0.0,0.0,0.0,0.0,0.0,0.0
0.1254364512535074,-0.3038584835587267,1.0333253095056514,-0.2005605690367006,-0.29867945114072364,-0.2014848393963144,-0.2817780139544555,-0.24471682924379487,-0.2918737241546465,-0.2891843331112601,0.0,1.0,0.0,0.0,0.0,0.0,0.0,0.0,0.0,0.0,0.0,0.0,0.0,0.0,0.0,0.0,0.0,0.0,0.0,0.0,0.0,0.0,0.0
-0.4528525646060759,-0.8943596725708697,-1.4086176709304397,-0.2005605690367006,-0.29867945114072364,-0.2014848393963144,-0.533539741796032,-0.24471682924379487,-0.2918737241546465,-0.2891843331112601,0.0,1.0,0.0,0.0,0.0,0.0,0.0,0.0,0.0,0.0,0.0,0.0,0.0,0.0,0.0,0.0,0.0,0.0,0.0,0.0,0.0,0.0,0.0
1.282014482972674,-0.3038584835587267,0.6844763123004955,-0.2005605690367006,-0.29867945114072364,-0.2014848393963144,-0.581494356622999,-0.24471682924379487,-0.2918737241546465,-0.2891843331112601,0.0,0.0,0.0,0.0,0.0,0.0,0.0,0.0,0.0,0.0,0.0,0.0,0.0,0.0,0.0,0.0,0.0,0.0,0.0,0.0,0.0,0.0,0.0
0.009778648081590747,0.2866427054534163,-0.710919676520128,1.196236896538697,-0.29867945114072364,-0.2014848393963144,1.2168036993882616,-0.24471682924379487,-0.2918737241546465,-0.2891843331112601,0.0,1.0,0.0,0.0,0.0,0.0,0.0,0.0,0.0,0.0,0.0,0.0,0.0,0.0,0.0,0.0,0.0,1.0,0.0,1.0,0.0,0.0,0.0
0.8193832702850075,0.2866427054534163,-1.0597686737252838,1.196236896538697,-0.29867945114072364,-0.2014848393963144,-0.581494356622999,-0.24471682924379487,-0.2918737241546465,-0.2891843331112601,0.0,0.0,0.0,0.0,0.0,0.0,0.0,0.0,0.0,0.0,0.0,0.0,0.0,0.0,0.0,0.0,0.0,0.0,0.0,0.0,0.0,0.0,0.0
-0.6841681709499093,-0.3038584835587267,-0.3620706793149721,-0.8989593018243993,-0.29867945114072364,-0.2014848393963144,-0.4316361852887272,-0.24471682924379487,-0.2918737241546465,-0.2891843331112601,0.0,1.0,0.0,0.0,0.0,0.0,0.0,0.0,0.0,0.0,0.0,0.0,0.0,0.0,0.0,0.0,0.0,0.0,0.0,0.0,0.0,0.0,0.0
1.397672286144591,1.4676450834777024,0.33562731509533966,1.196236896538697,-0.29867945114072364,-0.2014848393963144,0.31765467138263137,-0.24471682924379487,-0.2918737241546465,-0.2891843331112601,0.0,1.0,0.0,0.0,0.0,0.0,0.0,0.0,0.0,0.0,0.0,0.0,0.0,0.0,0.0,0.0,0.0,0.0,0.0,0.0,0.0,0.0,0.0
0.47240986076925745,0.2866427054534163,-0.013221682109816231,-0.2005605690367006,-0.29867945114072364,-0.2014848393963144,-0.581494356622999,-0.24471682924379487,-0.2918737241546465,-0.2891843331112601,0.0,0.0,0.0,0.0,0.0,0.0,0.0,0.0,0.0,0.0,0.0,0.0,0.0,0.0,0.0,0.0,0.0,0.0,0.0,0.0,0.0,0.0,0.0
1.6289878924884242,0.8771438944655593,1.3821743067108072,0.4978381637509981,-0.29867945114072364,-0.2014848393963144,-0.5065652709558631,-0.24471682924379487,-0.2918737241546465,-0.2891843331112601,0.0,1.0,0.0,0.0,0.0,0.0,0.0,0.0,0.0,0.0,0.0,0.0,0.0,0.0,0.0,0.0,0.0,0.0,0.0,0.0,0.0,0.0,0.0
0.8193832702850075,0.2866427054534163,-0.710919676520128,3.291433094901793,-0.29867945114072364,-0.2014848393963144,-0.5575170492095154,-0.24471682924379487,-0.2918737241546465,-0.2891843331112601,0.0,1.0,0.0,0.0,0.0,0.0,0.0,0.0,0.0,0.0,0.0,0.0,0.0,0.0,0.0,0.0,0.0,0.0,0.0,0.0,0.0,0.0,0.0
-1.0311415804656594,-0.8943596725708697,-0.3620706793149721,-0.8989593018243993,-0.29867945114072364,-0.2014848393963144,-0.2817780139544555,-0.24471682924379487,-0.2918737241546465,-0.2891843331112601,0.0,1.0,0.0,0.0,0.0,0.0,0.0,0.0,0.0,0.0,0.0,0.0,0.0,0.0,0.0,0.0,0.0,0.0,0.0,0.0,0.0,0.0,0.0
-0.6841681709499093,-0.3038584835587267,-0.710919676520128,-0.8989593018243993,-0.29867945114072364,-0.2014848393963144,-0.581494356622999,-0.24471682924379487,-0.2918737241546465,-0.2891843331112601,0.0,0.0,0.0,0.0,0.0,0.0,0.0,0.0,0.0,0.0,0.0,0.0,0.0,0.0,0.0,0.0,0.0,0.0,0.0,0.0,0.0,0.0,0.0
1.1663566798007574,0.2866427054534163,-0.710919676520128,0.4978381637509981,-0.29867945114072364,-0.2014848393963144,-0.4316361852887272,0.8848847914623469,-0.2918737241546465,-0.2891843331112601,0.0,1.0,1.0,0.0,0.0,0.0,0.0,0.0,0.0,0.0,0.0,0.0,0.0,0.0,0.0,0.0,0.0,0.0,0.0,0.0,0.0,0.0,0.0
-0.9154837772937426,-0.3038584835587267,-0.013221682109816231,-0.8989593018243993,-0.29867945114072364,-0.2014848393963144,-0.5065652709558631,-0.24471682924379487,-0.2918737241546465,-0.2891843331112601,0.0,1.0,0.0,0.0,0.0,0.0,0.0,0.0,0.0,0.0,0.0,0.0,0.0,0.0,0.0,0.0,0.0,0.0,0.0,0.0,0.0,0.0,0.0
1.6289878924884242,0.2866427054534163,1.0333253095056514,1.196236896538697,-0.29867945114072364,-0.2014848393963144,1.8162363847253484,-0.24471682924379487,-0.2918737241546465,-0.2891843331112601,0.0,1.0,0.0,0.0,0.0,0.0,0.0,0.0,0.0,0.0,0.0,0.0,0.0,0.0,0.0,0.0,0.0,0.0,0.0,0.0,0.0,0.0,0.0
-0.6841681709499093,-0.8943596725708697,0.33562731509533966,-0.8989593018243993,-0.29867945114072364,-0.2014848393963144,0.6173710140511748,-0.24471682924379487,-0.2918737241546465,-0.2891843331112601,0.0,1.0,0.0,0.0,0.0,0.0,0.0,0.0,0.0,0.0,0.0,0.0,0.0,0.0,0.0,0.0,0.0,0.0,0.0,0.0,0.0,0.0,0.0
0.1254364512535074,-0.3038584835587267,-0.710919676520128,0.4978381637509981,-0.29867945114072364,-0.2014848393963144,0.9170873567197182,0.6024843862858115,-0.2918737241546465,-0.2891843331112601,0.0,1.0,1.0,0.0,0.0,0.0,0.0,0.0,0.0,0.0,0.0,0.0,0.0,0.0,0.0,0.0,0.0,0.0,0.0,0.0,0.0,0.0,0.0
-0.9154837772937426,-0.3038584835587267,-0.013221682109816231,-0.8989593018243993,-0.29867945114072364,-0.2014848393963144,-0.4316361852887272,-0.24471682924379487,-0.2918737241546465,-0.2891843331112601,0.0,1.0,0.0,0.0,0.0,0.0,0.0,0.0,0.0,0.0,0.0,0.0,0.0,0.0,0.0,0.0,0.0,0.0,0.0,0.0,0.0,0.0,0.0
-1.146799383637576,0.8771438944655593,-0.710919676520128,-0.8989593018243993,-0.29867945114072364,-0.2014848393963144,-0.5065652709558631,-0.24471682924379487,-0.2918737241546465,-0.2891843331112601,0.0,1.0,0.0,0.0,0.0,0.0,0.0,0.0,0.0,0.0,0.0,0.0,0.0,0.0,0.0,0.0,0.0,0.0,0.0,0.0,0.0,0.0,0.0
0.009778648081590747,-0.8943596725708697,-0.013221682109816231,0.4978381637509981,-0.29867945114072364,-0.2014848393963144,1.8162363847253484,-0.24471682924379487,-0.2918737241546465,-0.2891843331112601,0.0,1.0,0.0,0.0,0.0,0.0,0.0,0.0,0.0,0.0,0.0,0.0,0.0,0.0,0.0,0.0,0.0,0.0,0.0,0.0,0.0,0.0,0.0
-0.10587915509032593,0.2866427054534163,-0.013221682109816231,0.4978381637509981,-0.29867945114072364,-0.2014848393963144,-0.4556134927022107,-0.24471682924379487,-0.2918737241546465,-0.2891843331112601,0.0,1.0,0.0,0.0,0.0,0.0,0.0,0.0,0.0,0.0,0.0,0.0,0.0,0.0,0.0,0.0,0.0,0.0,0.0,0.0,0.0,0.0,0.0
1.397672286144591,-0.3038584835587267,-0.013221682109816231,1.196236896538697,-0.29867945114072364,-0.2014848393963144,-0.2817780139544555,-0.24471682924379487,-0.2918737241546465,-0.2891843331112601,0.0,1.0,0.0,0.0,0.0,0.0,0.0,0.0,0.0,0.0,0.0,0.0,0.0,0.0,0.0,0.0,0.0,0.0,0.0,0.0,0.0,0.0,0.0
0.1254364512535074,-0.8943596725708697,2.428721298326275,-0.2005605690367006,-0.29867945114072364,-0.2014848393963144,-0.4316361852887272,-0.24471682924379487,-0.2918737241546465,-0.2891843331112601,0.0,1.0,0.0,0.0,0.0,0.0,0.0,0.0,0.0,0.0,0.0,0.0,0.0,0.0,0.0,0.0,0.0,0.0,0.0,0.0,0.0,0.0,0.0
0.35675205759734074,-0.8943596725708697,-0.3620706793149721,-0.2005605690367006,-0.29867945114072364,-0.2014848393963144,0.01793832871408793,-0.24471682924379487,-0.2918737241546465,-0.2891843331112601,0.0,1.0,0.0,0.0,0.0,0.0,0.0,0.0,0.0,0.0,0.0,0.0,0.0,0.0,0.0,0.0,0.0,0.0,0.0,0.0,0.0,0.0,0.0
-0.10587915509032593,3.239148650514131,-0.710919676520128,-0.8989593018243993,1.825478860721512,0.3584958695496952,0.9170873567197182,-0.1487006914837728,-0.2918737241546465,-0.2891843331112601,1.0,1.0,1.0,0.0,0.0,0.0,0.0,0.0,0.0,0.0,0.0,0.0,0.0,0.0,0.0,0.0,0.0,0.0,0.0,0.0,0.0,0.0,0.0
-0.4528525646060759,-0.3038584835587267,-1.0597686737252838,-0.2005605690367006,-0.29867945114072364,-0.2014848393963144,-0.581494356622999,3.708888843227701,-0.2918737241546465,-0.2891843331112601,0.0,0.0,1.0,0.0,0.0,0.0,0.0,0.0,0.0,0.0,0.0,0.0,0.0,0.0,0.0,0.0,0.0,0.0,0.0,0.0,0.0,0.0,0.0
0.7037254671130908,-0.8943596725708697,-0.3620706793149721,1.196236896538697,-0.29867945114072364,-0.2014848393963144,-0.581494356622999,-0.24471682924379487,-0.2918737241546465,-0.2891843331112601,0.0,0.0,0.0,0.0,0.0,0.0,0.0,0.0,0.0,0.0,0.0,0.0,0.0,0.0,0.0,0.0,0.0,0.0,0.0,0.0,0.0,0.0,0.0
0.1254364512535074,-0.3038584835587267,0.33562731509533966,-0.2005605690367006,-0.29867945114072364,-0.2014848393963144,0.31765467138263137,-0.24471682924379487,-0.2918737241546465,-0.2891843331112601,0.0,1.0,0.0,0.0,0.0,0.0,0.0,0.0,0.0,0.0,0.0,0.0,0.0,0.0,0.0,0.0,0.0,0.0,0.0,0.0,0.0,0.0,0.0
0.35675205759734074,-0.3038584835587267,0.33562731509533966,-0.8989593018243993,2.297514041135342,0.4829360270932528,-0.581494356622999,-0.24471682924379487,-0.2918737241546465,-0.2891843331112601,1.0,0.0,0.0,0.0,0.0,0.0,0.0,0.0,0.0,0.0,0.0,0.0,0.0,0.0,0.0,0.0,0.0,0.0,0.0,0.0,0.0,0.0,0.0
-0.6841681709499093,-0.3038584835587267,-0.710919676520128,-0.8989593018243993,0.00034844169890144334,-0.1807448131390548,-0.4825879635423796,-0.24471682924379487,-0.2918737241546465,-0.2891843331112601,1.0,1.0,0.0,0.0,0.0,0.0,0.0,0.0,0.0,0.0,0.0,0.0,0.0,0.0,0.0,0.0,0.0,0.0,0.0,0.0,0.0,0.0,0.0
-1.0311415804656594,0.2866427054534163,-0.710919676520128,-0.2005605690367006,-0.29867945114072364,-0.2014848393963144,-0.581494356622999,-0.24471682924379487,-0.2918737241546465,-0.2891843331112601,0.0,0.0,0.0,0.0,0.0,0.0,0.0,0.0,0.0,0.0,0.0,0.0,0.0,0.0,0.0,0.0,0.0,0.0,0.0,0.0,0.0,0.0,0.0
-0.799825974121826,-0.8943596725708697,-0.013221682109816231,-0.2005605690367006,-0.29867945114072364,-0.2014848393963144,-0.2817780139544555,-0.24471682924379487,-0.2918737241546465,-0.2891843331112601,0.0,1.0,0.0,0.0,0.0,0.0,0.0,0.0,0.0,0.0,0.0,0.0,0.0,0.0,0.0,0.0,0.0,0.0,0.0,0.0,0.0,0.0,0.0
0.2410942544254241,0.2866427054534163,-0.710919676520128,-0.2005605690367006,2.061496450928427,0.011391672679275591,-0.5065652709558631,-0.24471682924379487,-0.2918737241546465,-0.2891843331112601,1.0,1.0,0.0,0.0,0.0,0.0,0.0,0.0,0.0,0.0,0.0,0.0,0.0,0.0,0.0,0.0,0.0,0.0,0.0,0.0,0.0,0.0,0.0
-0.799825974121826,-0.3038584835587267,-0.3620706793149721,-0.8989593018243993,-0.29867945114072364,-0.2014848393963144,-0.581494356622999,-0.24471682924379487,-0.2918737241546465,-0.2891843331112601,0.0,0.0,0.0,0.0,0.0,0.0,0.0,0.0,0.0,0.0,0.0,0.0,0.0,0.0,0.0,0.0,0.0,0.0,0.0,0.0,0.0,0.0,0.0
-0.6841681709499093,-0.3038584835587267,0.33562731509533966,-0.2005605690367006,-0.29867945114072364,-0.2014848393963144,-0.2817780139544555,-0.24471682924379487,-0.2918737241546465,-0.2891843331112601,0.0,1.0,0.0,0.0,0.0,0.0,0.0,0.0,0.0,0.0,0.0,0.0,0.0,0.0,0.0,0.0,0.0,0.0,0.0,0.0,0.0,0.0,0.0
-0.2215369582622426,0.2866427054534163,0.33562731509533966,-0.8989593018243993,-0.29867945114072364,-0.2014848393963144,-0.581494356622999,-0.24471682924379487,-0.2918737241546465,-0.2891843331112601,0.0,0.0,0.0,0.0,0.0,0.0,0.0,0.0,0.0,0.0,0.0,0.0,0.0,0.0,0.0,0.0,0.0,0.0,0.0,0.0,0.0,0.0,0.0
0.35675205759734074,-0.3038584835587267,0.33562731509533966,-1.597358034612098,-0.29867945114072364,-0.2014848393963144,-0.2817780139544555,-0.24471682924379487,-0.2918737241546465,-0.2891843331112601,0.0,1.0,0.0,0.0,0.0,0.0,0.0,0.0,0.0,0.0,0.0,0.0,0.0,0.0,0.0,0.0,0.0,0.0,0.0,0.0,0.0,0.0,0.0
-1.146799383637576,-0.3038584835587267,-0.710919676520128,-0.8989593018243993,-0.29867945114072364,-0.2014848393963144,-0.4825879635423796,-0.24471682924379487,-0.2918737241546465,-0.2891843331112601,0.0,1.0,0.0,0.0,0.0,0.0,0.0,0.0,0.0,0.0,0.0,0.0,0.0,0.0,0.0,0.0,0.0,0.0,0.0,0.0,0.0,0.0,0.0
0.47240986076925745,3.829649839526274,-0.013221682109816231,-0.8989593018243993,2.297514041135342,2.079918048902243,-0.5065652709558631,-0.24471682924379487,-0.2918737241546465,-0.2891843331112601,1.0,1.0,0.0,0.0,0.0,0.0,0.0,0.0,0.0,0.0,0.0,0.0,0.0,0.0,0.0,0.0,0.0,0.0,0.0,0.0,0.0,0.0,0.0
-0.9154837772937426,0.2866427054534163,-1.0597686737252838,-0.2005605690367006,-0.29867945114072364,-0.2014848393963144,-0.581494356622999,-0.24471682924379487,-0.2918737241546465,-0.2891843331112601,0.0,0.0,0.0,0.0,0.0,0.0,0.0,0.0,0.0,0.0,0.0,0.0,0.0,0.0,0.0,0.0,0.0,0.0,0.0,0.0,0.0,0.0,0.0
-0.2215369582622426,0.8771438944655593,-0.013221682109816231,0.4978381637509981,-0.29867945114072364,-0.2014848393963144,-0.13191984262018377,-0.24471682924379487,-0.2918737241546465,-0.2891843331112601,0.0,1.0,0.0,0.0,0.0,0.0,0.0,0.0,0.0,0.0,0.0,0.0,0.0,0.0,0.0,0.0,0.0,0.0,0.0,0.0,0.0,0.0,0.0
-0.10587915509032593,0.2866427054534163,0.6844763123004955,-0.2005605690367006,-0.29867945114072364,-0.2014848393963144,0.9170873567197182,-0.24471682924379487,-0.2918737241546465,-0.2891843331112601,0.0,1.0,0.0,0.0,0.0,0.0,0.0,0.0,0.0,0.0,0.0,0.0,0.0,0.0,0.0,0.0,0.0,0.0,0.0,0.0,1.0,1.0,1.0
0.47240986076925745,0.2866427054534163,0.6844763123004955,-0.8989593018243993,-0.29867945114072364,-0.2014848393963144,-0.581494356622999,3.708888843227701,-0.2918737241546465,-0.2891843331112601,0.0,0.0,1.0,0.0,0.0,0.0,0.0,0.0,0.0,0.0,0.0,0.0,0.0,0.0,0.0,0.0,1.0,0.0,0.0,1.0,0.0,0.0,0.0
0.5880676639411742,0.2866427054534163,0.33562731509533966,-0.8989593018243993,2.297514041135342,-0.13511675537308365,1.2168036993882616,-0.24471682924379487,1.652061953224844,-0.2891843331112601,1.0,1.0,0.0,1.0,0.0,0.0,0.0,0.0,0.0,0.0,0.0,0.0,0.0,0.0,0.0,1.0,1.0,0.0,1.0,0.0,0.0,0.0,0.0
2.091619105176091,-0.3038584835587267,-0.013221682109816231,-0.2005605690367006,-0.29867945114072364,-0.2014848393963144,1.2168036993882616,2.5792872225215593,-0.2918737241546465,-0.2891843331112601,0.0,1.0,1.0,0.0,0.0,0.0,0.0,0.0,0.0,0.0,0.0,0.0,0.0,0.0,0.0,0.0,0.0,1.0,0.0,1.0,0.0,0.0,0.0
1.8603034988322575,-0.3038584835587267,0.33562731509533966,1.196236896538697,-0.29867945114072364,-0.2014848393963144,3.9142507834051523,-0.24471682924379487,-0.2918737241546465,-0.2891843331112601,0.0,1.0,0.0,0.0,0.0,0.0,0.0,0.0,0.0,0.0,0.0,0.0,0.0,0.0,0.0,0.0,0.0,0.0,0.0,0.0,0.0,0.0,0.0
-0.2215369582622426,-0.3038584835587267,0.33562731509533966,-0.2005605690367006,-0.29867945114072364,-0.2014848393963144,0.9170873567197182,-0.24471682924379487,-0.2918737241546465,-0.2891843331112601,0.0,1.0,0.0,0.0,0.0,0.0,0.0,0.0,0.0,0.0,0.0,0.0,0.0,0.0,0.0,0.0,0.0,0.0,0.0,0.0,0.0,0.0,0.0
-1.0311415804656594,1.4676450834777024,-1.0597686737252838,-0.2005605690367006,0.00034844169890144334,0.0059154231762817205,-0.581494356622999,-0.24471682924379487,-0.2918737241546465,-0.2891843331112601,1.0,0.0,0.0,0.0,0.0,0.0,0.0,0.0,0.0,0.0,0.0,0.0,0.0,0.0,0.0,0.0,0.0,0.0,0.0,0.0,0.0,0.0,0.0
-0.2215369582622426,0.8771438944655593,-0.013221682109816231,-0.2005605690367006,-0.29867945114072364,-0.2014848393963144,-0.581494356622999,-0.24471682924379487,-0.2918737241546465,-0.2891843331112601,0.0,0.0,0.0,0.0,0.0,0.0,0.0,0.0,0.0,0.0,0.0,0.0,0.0,0.0,0.0,0.0,0.0,0.0,0.0,0.0,0.0,0.0,0.0
0.9350410734569241,0.2866427054534163,1.3821743067108072,1.8946356293263955,-0.29867945114072364,-0.2014848393963144,-0.581494356622999,-0.24471682924379487,-0.2918737241546465,-0.2891843331112601,0.0,0.0,0.0,0.0,0.0,0.0,0.0,0.0,0.0,0.0,0.0,0.0,0.0,0.0,0.0,0.0,0.0,0.0,0.0,0.0,0.0,0.0,0.0
0.35675205759734074,0.2866427054534163,-1.0597686737252838,0.4978381637509981,-0.29867945114072364,-0.2014848393963144,3.015101755399522,0.8848847914623469,3.5959976306043346,3.0171565421274806,0.0,1.0,1.0,1.0,1.0,0.0,0.0,1.0,0.0,0.0,0.0,0.0,0.0,0.0,0.0,0.0,0.0,0.0,0.0,0.0,0.0,0.0,1.0
0.2410942544254241,-0.8943596725708697,4.1729662843520545,-0.8989593018243993,-0.29867945114072364,-0.2014848393963144,-0.581494356622999,-0.24471682924379487,-0.2918737241546465,-0.2891843331112601,0.0,0.0,0.0,0.0,0.0,0.0,0.0,0.0,0.0,0.0,0.0,0.0,0.0,0.0,0.0,0.0,0.0,0.0,0.0,0.0,0.0,0.0,0.0
-1.2624571868094927,-0.8943596725708697,-0.710919676520128,-0.8989593018243993,-0.06266186093380857,-0.09778470811001634,-0.581494356622999,-0.24471682924379487,-0.2918737241546465,-0.2891843331112601,1.0,0.0,0.0,0.0,0.0,0.0,0.0,0.0,0.0,0.0,0.0,0.0,0.0,0.0,0.0,0.0,0.0,0.0,0.0,0.0,0.0,0.0,0.0
0.47240986076925745,0.8771438944655593,-0.3620706793149721,-0.2005605690367006,-0.29867945114072364,-0.2014848393963144,-0.4316361852887272,-0.24471682924379487,-0.2918737241546465,-0.2891843331112601,0.0,1.0,0.0,0.0,0.0,0.0,0.0,0.0,0.0,0.0,0.0,0.0,0.0,0.0,0.0,0.0,0.0,0.0,0.0,0.0,0.0,0.0,0.0
1.282014482972674,-0.3038584835587267,-0.710919676520128,1.196236896538697,-0.29867945114072364,-0.2014848393963144,4.213967126073696,-0.24471682924379487,-0.2918737241546465,-0.2891843331112601,0.0,1.0,0.0,0.0,0.0,0.0,0.0,0.0,0.0,0.0,0.0,0.0,0.0,0.0,0.0,0.0,1.0,0.0,1.0,0.0,0.0,1.0,0.0
-0.9154837772937426,0.2866427054534163,-1.4086176709304397,1.196236896538697,-0.29867945114072364,-0.2014848393963144,-0.581494356622999,-0.24471682924379487,3.5959976306043346,3.0171565421274806,0.0,0.0,0.0,1.0,1.0,0.0,0.0,1.0,0.0,0.0,0.0,0.0,0.0,0.0,0.0,0.0,0.0,0.0,0.0,0.0,0.0,0.0,0.0
-0.799825974121826,-0.3038584835587267,-0.3620706793149721,-0.2005605690367006,-0.29867945114072364,-0.2014848393963144,-0.35670709962159136,-0.24471682924379487,-0.2918737241546465,-0.2891843331112601,0.0,1.0,0.0,0.0,0.0,0.0,0.0,0.0,0.0,0.0,0.0,0.0,0.0,0.0,0.0,0.0,0.0,0.0,0.0,0.0,0.0,0.0,0.0
-0.6841681709499093,-0.8943596725708697,-0.013221682109816231,-0.2005605690367006,-0.29867945114072364,-0.2014848393963144,0.31765467138263137,-0.24471682924379487,-0.2918737241546465,-0.2891843331112601,0.0,1.0,0.0,0.0,0.0,0.0,0.0,0.0,0.0,0.0,0.0,0.0,0.0,0.0,0.0,0.0,0.0,0.0,0.0,0.0,1.0,1.0,0.0
-0.9154837772937426,0.8771438944655593,-0.710919676520128,-0.2005605690367006,-0.29867945114072364,-0.2014848393963144,0.31765467138263137,-0.24471682924379487,-0.2918737241546465,-0.2891843331112601,0.0,1.0,0.0,0.0,0.0,0.0,0.0,0.0,0.0,0.0,0.0,0.0,0.0,0.0,0.0,0.0,0.0,0.0,0.0,0.0,0.0,0.0,0.0
-0.9154837772937426,0.8771438944655593,-0.710919676520128,-0.2005605690367006,-0.29867945114072364,-0.2014848393963144,0.6173710140511748,-0.24471682924379487,-0.2918737241546465,-0.2891843331112601,0.0,1.0,0.0,0.0,0.0,0.0,0.0,0.0,0.0,0.0,0.0,0.0,0.0,0.0,0.0,0.0,0.0,0.0,0.0,0.0,0.0,0.0,0.0
0.009778648081590747,0.2866427054534163,-1.0597686737252838,-0.2005605690367006,-0.29867945114072364,-0.2014848393963144,-0.4316361852887272,-0.24471682924379487,-0.2918737241546465,-0.2891843331112601,0.0,1.0,0.0,0.0,0.0,0.0,0.0,0.0,0.0,0.0,0.0,0.0,0.0,0.0,0.0,0.0,0.0,0.0,0.0,0.0,0.0,0.0,0.0
0.5880676639411742,-0.3038584835587267,0.33562731509533966,-0.2005605690367006,-0.29867945114072364,-0.2014848393963144,0.01793832871408793,0.32008398110927605,-0.2918737241546465,-0.2891843331112601,0.0,1.0,1.0,0.0,0.0,0.0,0.0,0.0,0.0,0.0,0.0,0.0,0.0,0.0,0.0,0.0,0.0,0.0,0.0,0.0,0.0,0.0,0.0
1.282014482972674,-0.3038584835587267,1.7310233039159633,-0.2005605690367006,-0.29867945114072364,-0.2014848393963144,-0.4316361852887272,-0.24471682924379487,-0.2918737241546465,-0.2891843331112601,0.0,1.0,0.0,0.0,0.0,0.0,0.0,0.0,0.0,0.0,0.0,0.0,0.0,0.0,0.0,0.0,0.0,0.0,0.0,0.0,0.0,0.0,0.0
0.009778648081590747,-0.3038584835587267,-0.013221682109816231,0.4978381637509981,-0.29867945114072364,-0.2014848393963144,-0.5065652709558631,-0.24471682924379487,-0.2918737241546465,-0.2891843331112601,0.0,1.0,0.0,0.0,0.0,0.0,0.0,0.0,0.0,0.0,0.0,0.0,0.0,0.0,0.0,0.0,0.0,0.0,0.0,0.0,0.0,0.0,0.0
-1.0311415804656594,1.4676450834777024,-1.0597686737252838,-0.8989593018243993,0.4093733194800216,0.2962757907779163,0.01793832871408793,-0.24471682924379487,-0.2918737241546465,-0.2891843331112601,1.0,1.0,0.0,0.0,0.0,0.0,0.0,0.0,0.0,0.0,0.0,0.0,0.0,0.0,0.0,0.0,0.0,0.0,0.0,0.0,0.0,0.0,0.0
0.009778648081590747,-0.8943596725708697,-0.3620706793149721,-0.2005605690367006,-0.29867945114072364,-0.2014848393963144,1.516520042056805,-0.24471682924379487,-0.2918737241546465,-0.2891843331112601,0.0,1.0,0.0,0.0,0.0,0.0,0.0,0.0,0.0,0.0,0.0,0.0,0.0,0.0,0.0,0.0,0.0,0.0,0.0,0.0,0.0,0.0,0.0
1.0506988766288408,0.2866427054534163,-0.013221682109816231,0.4978381637509981,-0.29867945114072364,-0.2014848393963144,-0.581494356622999,-0.24471682924379487,-0.2918737241546465,-0.2891843331112601,0.0,0.0,0.0,0.0,0.0,0.0,0.0,0.0,0.0,0.0,0.0,0.0,0.0,0.0,0.0,0.0,0.0,0.0,0.0,0.0,0.0,0.0,0.0
-0.5685103677779926,-0.8943596725708697,0.6844763123004955,-0.8989593018243993,-0.29867945114072364,-0.2014848393963144,-0.4316361852887272,-0.24471682924379487,-0.2918737241546465,-0.2891843331112601,0.0,1.0,0.0,0.0,0.0,0.0,0.0,0.0,0.0,0.0,0.0,0.0,0.0,0.0,0.0,0.0,0.0,0.0,0.0,0.0,0.0,0.0,0.0
-1.3781149899814094,-0.8943596725708697,-1.0597686737252838,-0.8989593018243993,-0.29867945114072364,-0.2014848393963144,-0.581494356622999,-0.24471682924379487,-0.2918737241546465,-0.2891843331112601,0.0,0.0,0.0,0.0,0.0,0.0,0.0,0.0,0.0,0.0,0.0,0.0,0.0,0.0,0.0,0.0,0.0,0.0,0.0,0.0,0.0,0.0,0.0
-0.4528525646060759,-0.3038584835587267,0.33562731509533966,-0.8989593018243993,-0.29867945114072364,-0.2014848393963144,-0.40765887787524374,-0.24471682924379487,-0.2918737241546465,-0.2891843331112601,0.0,1.0,0.0,0.0,0.0,0.0,0.0,0.0,0.0,0.0,0.0,0.0,0.0,0.0,0.0,0.0,0.0,0.0,0.0,0.0,0.0,0.0,0.0
-1.2624571868094927,-0.8943596725708697,-0.710919676520128,-0.2005605690367006,-0.29867945114072364,-0.2014848393963144,-0.581494356622999,-0.24471682924379487,-0.2918737241546465,-0.2891843331112601,0.0,0.0,0.0,0.0,0.0,0.0,0.0,0.0,0.0,0.0,0.0,0.0,0.0,0.0,0.0,0.0,0.0,0.0,0.0,0.0,0.0,0.0,0.0
-1.0311415804656594,-0.8943596725708697,0.33562731509533966,-0.8989593018243993,-0.29867945114072364,-0.2014848393963144,-0.4316361852887272,-0.24471682924379487,-0.2918737241546465,-0.2891843331112601,0.0,1.0,0.0,0.0,0.0,0.0,0.0,0.0,0.0,0.0,0.0,0.0,0.0,0.0,0.0,0.0,0.0,0.0,0.0,0.0,0.0,0.0,0.0
-0.3371947614341593,0.2866427054534163,0.6844763123004955,-0.8989593018243993,-0.29867945114072364,-0.2014848393963144,0.01793832871408793,-0.24471682924379487,-0.2918737241546465,-0.2891843331112601,0.0,1.0,0.0,0.0,0.0,0.0,0.0,0.0,0.0,0.0,0.0,0.0,0.0,0.0,0.0,0.0,0.0,0.0,0.0,0.0,0.0,0.0,0.0
0.47240986076925745,-0.3038584835587267,-0.013221682109816231,1.8946356293263955,0.00034844169890144334,0.011391672679275591,-0.4316361852887272,-0.24471682924379487,-0.2918737241546465,-0.2891843331112601,1.0,1.0,0.0,0.0,0.0,0.0,0.0,0.0,0.0,0.0,0.0,0.0,0.0,0.0,0.0,0.0,0.0,0.0,0.0,0.0,0.0,0.0,0.0
-0.10587915509032593,-0.8943596725708697,3.126419292736587,0.4978381637509981,-0.29867945114072364,-0.2014848393963144,0.01793832871408793,3.708888843227701,-0.2918737241546465,-0.2891843331112601,0.0,1.0,1.0,0.0,0.0,0.0,0.0,0.0,0.0,0.0,0.0,0.0,0.0,0.0,0.0,0.0,0.0,0.0,0.0,0.0,0.0,0.0,0.0
1.0506988766288408,0.8771438944655593,0.6844763123004955,-0.2005605690367006,4.657689943204493,8.509326188652723,-0.581494356622999,3.708888843227701,-0.2918737241546465,-0.2891843331112601,1.0,0.0,1.0,0.0,0.0,0.0,0.0,0.0,0.0,0.0,0.0,0.0,0.0,0.0,0.0,0.0,0.0,0.0,0.0,0.0,0.0,0.0,0.0
0.9350410734569241,1.4676450834777024,2.079872301121119,-0.2005605690367006,-0.29867945114072364,-0.2014848393963144,-0.4825879635423796,-0.24471682924379487,-0.2918737241546465,-0.2891843331112601,0.0,1.0,0.0,0.0,0.0,0.0,0.0,0.0,0.0,0.0,0.0,0.0,0.0,0.0,0.0,0.0,0.0,0.0,0.0,0.0,0.0,0.0,0.0
-1.3781149899814094,-0.3038584835587267,-1.0597686737252838,-0.8989593018243993,-0.29867945114072364,-0.2014848393963144,-0.581494356622999,-0.24471682924379487,-0.2918737241546465,-0.2891843331112601,0.0,0.0,0.0,0.0,0.0,0.0,0.0,0.0,0.0,0.0,0.0,0.0,0.0,0.0,0.0,0.0,0.0,0.0,0.0,0.0,0.0,0.0,0.0
-0.3371947614341593,-0.3038584835587267,0.33562731509533966,-0.8989593018243993,-0.29867945114072364,-0.2014848393963144,0.9170873567197182,-0.24471682924379487,-0.2918737241546465,-0.2891843331112601,0.0,1.0,0.0,0.0,0.0,0.0,0.0,0.0,0.0,0.0,0.0,0.0,0.0,0.0,0.0,0.0,0.0,0.0,0.0,0.0,0.0,0.0,0.0
-0.799825974121826,-0.8943596725708697,0.6844763123004955,-0.8989593018243993,-0.29867945114072364,-0.2014848393963144,-0.581494356622999,-0.24471682924379487,-0.2918737241546465,-0.2891843331112601,0.0,0.0,0.0,0.0,0.0,0.0,0.0,0.0,0.0,0.0,0.0,0.0,0.0,0.0,0.0,0.0,0.0,0.0,0.0,0.0,0.0,0.0,0.0
-1.3781149899814094,-0.3038584835587267,-1.4086176709304397,-0.8989593018243993,-0.29867945114072364,-0.2014848393963144,-0.4316361852887272,-0.24471682924379487,-0.2918737241546465,-0.2891843331112601,0.0,1.0,0.0,0.0,0.0,0.0,0.0,0.0,0.0,0.0,0.0,0.0,0.0,0.0,0.0,0.0,0.0,0.0,0.0,0.0,0.0,0.0,0.0
-1.3781149899814094,-0.3038584835587267,-1.0597686737252838,-0.2005605690367006,-0.29867945114072364,-0.2014848393963144,-0.581494356622999,-0.24471682924379487,-0.2918737241546465,-0.2891843331112601,0.0,0.0,0.0,0.0,0.0,0.0,0.0,0.0,0.0,0.0,0.0,0.0,0.0,0.0,0.0,0.0,0.0,0.0,0.0,0.0,0.0,0.0,0.0
1.744645695660341,0.2866427054534163,2.079872301121119,-0.2005605690367006,-0.29867945114072364,-0.2014848393963144,-0.581494356622999,-0.24471682924379487,-0.2918737241546465,-0.2891843331112601,0.0,0.0,0.0,0.0,0.0,0.0,0.0,0.0,0.0,0.0,0.0,0.0,0.0,0.0,0.0,0.0,0.0,0.0,0.0,0.0,0.0,0.0,0.0
1.0506988766288408,-0.8943596725708697,0.33562731509533966,0.4978381637509981,-0.29867945114072364,-0.2014848393963144,-0.5065652709558631,-0.24471682924379487,-0.2918737241546465,-0.2891843331112601,0.0,1.0,0.0,0.0,0.0,0.0,0.0,0.0,0.0,0.0,0.0,0.0,0.0,0.0,0.0,0.0,0.0,0.0,0.0,0.0,0.0,0.0,0.0
1.0506988766288408,0.2866427054534163,-0.710919676520128,1.196236896538697,-0.29867945114072364,-0.2014848393963144,-0.5065652709558631,0.32008398110927605,-0.2918737241546465,-0.2891843331112601,0.0,1.0,1.0,0.0,0.0,0.0,0.0,0.0,0.0,0.0,0.0,0.0,0.0,0.0,0.0,0.0,0.0,0.0,0.0,0.0,0.0,0.0,0.0
-0.3371947614341593,0.2866427054534163,-0.013221682109816231,-0.8989593018243993,-0.29867945114072364,-0.2014848393963144,-0.581494356622999,-0.24471682924379487,-0.2918737241546465,-0.2891843331112601,0.0,0.0,0.0,0.0,0.0,0.0,0.0,0.0,0.0,0.0,0.0,0.0,0.0,0.0,0.0,0.0,0.0,0.0,0.0,0.0,0.0,0.0,0.0
0.009778648081590747,0.8771438944655593,-0.3620706793149721,1.196236896538697,-0.29867945114072364,-0.2014848393963144,-0.581494356622999,-0.24471682924379487,1.652061953224844,3.0171565421274806,0.0,0.0,0.0,1.0,0.0,0.0,0.0,0.0,0.0,0.0,0.0,1.0,0.0,0.0,0.0,0.0,0.0,0.0,0.0,0.0,0.0,0.0,0.0
0.35675205759734074,-0.8943596725708697,-0.3620706793149721,-0.2005605690367006,-0.29867945114072364,-0.2014848393963144,2.115952727393892,-0.24471682924379487,-0.2918737241546465,-0.2891843331112601,0.0,1.0,0.0,0.0,0.0,0.0,0.0,0.0,0.0,0.0,0.0,0.0,0.0,0.0,0.0,0.0,0.0,0.0,0.0,0.0,0.0,0.0,0.0
